Unnamed: 0,time,course,haccuracy,latitude,longitude,speed,At,d,v,level_0
54,2018-11-05 18:23:08,299.0883283582259,32.00483309472351,41.31576925554609,2.0224875414510017,0.4895975291728973,1.0,0.8114250454301024,0.8114250454301024,
55,2018-11-05 18:23:09,303.53595630044146,32.00483309472351,41.31577138495077,2.022478248566401,0.5084248557686806,1.0,0.8114250212147317,0.8114250212147317,
56,2018-11-05 18:23:10,307.983584242657,32.00483309472351,41.315773514355456,2.0224689556817994,0.5272521823644638,1.0,0.8114249967333331,0.8114249967333331,
57,2018-11-05 18:23:11,312.4312121848725,32.00483309472351,41.31577564376013,2.022459662797198,0.546079508960247,1.0,0.811424972677564,0.811424972677564,
58,2018-11-05 18:23:12,316.8788401270881,32.00483309472351,41.31577777316482,2.022450369912597,0.5649068355560303,1.0,0.7407649000769867,0.7407649000769867,
59,2018-11-05 18:23:13,319.485750301823,32.00483309472351,41.31578139332408,2.0224429241396624,0.6852935353914896,1.0,0.740764870686462,0.740764870686462,
60,2018-11-05 18:23:14,322.0926604765579,32.00483309472351,41.315785013483335,2.0224354783667278,0.8056802352269491,1.0,0.7407648420923582,0.7407648420923582,
61,2018-11-05 18:23:15,324.6995706512928,32.00483309472351,41.3157886336426,2.0224280325937927,0.9260669350624084,1.0,1.644620490743738,1.644620490743738,
62,2018-11-05 18:23:16,322.5621585731857,32.00483309472351,41.31579639078643,2.0224112661296187,0.9084811210632324,1.0,1.6446203493051226,1.6446203493051226,
63,2018-11-05 18:23:17,320.4247464950785,32.00483309472351,41.31580414793027,2.0223944996654444,0.8908953070640564,1.0,0.6972601834055406,0.6972601834055406,
64,2018-11-05 18:23:18,320.3173554307584,28.004228957883072,41.31580710817062,2.0223871397663906,0.9084660708904266,1.0,0.69726015920234,0.69726015920234,
65,2018-11-05 18:23:19,320.20996436643827,24.00362482104263,41.31581006841097,2.0223797798673364,0.9260368347167968,1.0,0.6972601342204708,0.6972601342204708,
66,2018-11-05 18:23:20,320.1025733021182,20.00302068420219,41.31581302865131,2.022372419968282,0.9436075985431672,1.0,0.6972601095788904,0.6972601095788904,
67,2018-11-05 18:23:21,319.9951822377981,16.002416547361754,41.31581598889166,2.0223650600692284,0.9611783623695374,1.0,1.128858215983003,1.128858215983003,
68,2018-11-05 18:23:22,316.4975789676179,16.002416547361754,41.315823304139535,2.022355687869998,0.9469011227289836,1.0,1.1288581556680068,1.1288581556680068,
69,2018-11-05 18:23:23,312.99997569743783,16.002416547361754,41.31583061938742,2.022346315670767,0.9326238830884298,1.0,1.128858094162949,1.128858094162949,
70,2018-11-05 18:23:24,309.5023724272577,16.002416547361754,41.3158379346353,2.0223369434715366,0.918346643447876,1.0,1.2667974304587706,1.2667974304587706,
71,2018-11-05 18:23:25,309.062754131519,16.002416547361754,41.315845429386286,2.0223255196935663,0.8067920804023743,1.0,1.2667973473189071,1.2667973473189071,
72,2018-11-05 18:23:26,308.6231358357803,16.002416547361754,41.31585292413727,2.022314095915596,0.6952375173568726,1.0,1.1891201019585018,1.1891201019585018,
73,2018-11-05 18:23:27,310.3790408676072,16.002416547361754,41.31586201344698,2.022306594208472,0.3511283118277787,1.0,1.1891200559284396,1.1891200559284396,
74,2018-11-05 18:23:28,312.13494589943406,16.002416547361754,41.315871102756695,2.022299092501348,0.007019106298685,1.0,0.2957752212424636,0.2957752212424636,
75,2018-11-05 18:23:29,311.5762295951379,16.002416547361754,41.3158737349556,2.0222985820784465,0.033402589149773,1.0,0.2957752202125213,0.2957752202125213,
76,2018-11-05 18:23:30,311.01751329084163,16.002416547361754,41.31587636715449,2.0222980716555448,0.0597860720008611,1.0,0.2957752207409106,0.2957752207409106,
77,2018-11-05 18:23:31,310.4587969865454,16.002416547361754,41.31587899935339,2.0222975612326435,0.0861695548519491,1.0,0.2957752204981522,0.2957752204981522,
78,2018-11-05 18:23:32,309.9000806822492,16.002416547361754,41.31588163155229,2.0222970508097418,0.1125530377030372,1.0,0.1200937736546341,0.1200937736546341,
79,2018-11-05 18:23:33,310.20879157235544,16.002416547361754,41.31588266389343,2.0222966282352783,0.0891852569766342,1.0,0.1200937734903765,0.1200937734903765,
80,2018-11-05 18:23:34,310.5175024624617,16.002416547361754,41.315883696234565,2.022296205660815,0.0658174762502312,1.0,0.1200937740813205,0.1200937740813205,
81,2018-11-05 18:23:35,310.82621335256795,16.002416547361754,41.31588472857571,2.0222957830863515,0.0424496955238282,1.0,0.1200937731618613,0.1200937731618613,
82,2018-11-05 18:23:36,311.1349242426742,16.002416547361754,41.31588576091685,2.022295360511888,0.0190819147974252,1.0,0.0553971621204232,0.0553971621204232,
83,2018-11-05 18:23:37,311.102938466791,16.002416547361754,41.31588571289102,2.022296020731425,0.016996624181047,1.0,0.05539716227394,0.05539716227394,
84,2018-11-05 18:23:38,311.0709526909078,16.002416547361754,41.31588566486518,2.022296680950962,0.0149113335646688,1.0,0.0553971622012975,0.0553971622012975,
85,2018-11-05 18:23:39,311.0389669150247,16.002416547361754,41.31588561683935,2.022297341170499,0.0128260429482906,1.0,0.0553971622417346,0.0553971622417346,
86,2018-11-05 18:23:40,311.0069811391415,16.002416547361754,41.31588556881351,2.022298001390036,0.0107407523319125,1.0,0.8240871668522247,0.8240871668522247,
87,2018-11-05 18:23:41,310.50201842361326,16.002416547361754,41.31589032039897,2.0222904289046637,0.0980819801334291,1.0,0.8240871314721692,0.8240871314721692,
88,2018-11-05 18:23:42,309.99705570808504,16.002416547361754,41.31589507198443,2.0222828564192907,0.1854232079349458,1.0,0.8240870965702024,0.8240870965702024,
89,2018-11-05 18:23:43,309.4920929925568,16.002416547361754,41.31589982356989,2.022275283933918,0.2727644357364625,1.0,0.8240870607120515,0.8240870607120515,
90,2018-11-05 18:23:44,308.9871302770286,16.002416547361754,41.31590457515535,2.022267711448546,0.3601056635379791,1.0,0.0805924351916669,0.0805924351916669,
91,2018-11-05 18:23:45,314.46507859516225,16.002416547361754,41.315905299629065,2.022267683161166,0.2761133946478367,1.0,0.0805924359795579,0.0805924359795579,
92,2018-11-05 18:23:46,319.9430269132959,16.002416547361754,41.31590602410279,2.0222676548737866,0.1921211257576942,1.0,0.0805924351901275,0.0805924351901275,
93,2018-11-05 18:23:47,325.4209752314296,16.002416547361754,41.3159067485765,2.0222676265864066,0.1081288568675517,1.0,0.0805924351893577,0.0805924351893577,
94,2018-11-05 18:23:48,330.8989235495632,16.002416547361754,41.31590747305022,2.0222675982990266,0.0241365879774093,1.0,0.1792573324225398,0.1792573324225398,
95,2018-11-05 18:23:49,337.88770971210363,16.002416547361754,41.31590587019155,2.022267827790436,0.0534640587866305,1.0,0.1792573324768981,0.1792573324768981,
96,2018-11-05 18:23:50,344.8764958746441,16.002416547361754,41.31590426733288,2.022268057281845,0.0827915295958518,1.0,0.1792573325272907,0.1792573325272907,
97,2018-11-05 18:23:51,351.86528203718456,16.002416547361754,41.315902664474216,2.0222682867732544,0.1121190004050731,1.0,0.1792573325737179,0.1792573325737179,
98,2018-11-05 18:23:52,358.85406819972496,16.002416547361754,41.31590106161555,2.0222685162646634,0.1414464712142944,1.0,0.6065349848616935,0.6065349848616935,
99,2018-11-05 18:23:53,269.25802481396863,13.50203896183648,41.31590321992274,2.022261846494286,0.1468159072101115,1.0,0.6065349679223953,0.6065349679223953,
100,2018-11-05 18:23:54,179.66198142821224,11.001661376311208,41.31590537822993,2.0222551767239088,0.1521853432059287,1.0,0.6065349509830963,0.6065349509830963,
101,2018-11-05 18:23:55,90.06593804245591,8.501283790785934,41.31590753653712,2.0222485069535314,0.1575547792017459,1.0,0.6065349340437965,0.6065349340437965,
102,2018-11-05 18:23:56,0.4698946566995165,6.000906205260658,41.31590969484431,2.022241837183154,0.1629242151975631,1.0,0.0647091089269316,0.0647091089269316,
103,2018-11-05 18:23:57,89.3745862946672,6.5009817223657125,41.31591005647377,2.0222412301372423,0.1232459894381462,1.0,0.0647091087065589,0.0647091087065589,
104,2018-11-05 18:23:58,178.27927793263487,7.001057239470768,41.31591041810323,2.0222406230913306,0.0835677636787294,1.0,0.064709108948102,0.064709108948102,
105,2018-11-05 18:23:59,267.1839695706025,7.501132756575823,41.3159107797327,2.0222400160454197,0.0438895379193126,1.0,0.0647091082658136,0.0647091082658136,
106,2018-11-05 18:24:00,356.0886612085702,8.001208273680877,41.31591114136216,2.0222394089995075,0.0042113121598958,1.0,0.0786070700105921,0.0786070700105921,
107,2018-11-05 18:24:01,353.6707400914398,8.001208273680877,41.31591128320801,2.022238486923692,0.0052034403197466,1.0,0.0786070696515522,0.0786070696515522,
108,2018-11-05 18:24:02,351.25281897430943,8.001208273680877,41.315911425053855,2.022237564847877,0.0061955684795975,1.0,0.0786070696822439,0.0786070696822439,
109,2018-11-05 18:24:03,348.8348978571791,8.001208273680877,41.31591156689971,2.022236642772062,0.0071876966394483,1.0,0.0786070695180699,0.0786070695180699,
110,2018-11-05 18:24:04,346.4169767400487,8.001208273680877,41.31591170874556,2.022235720696247,0.0081798247992992,1.0,0.0090742757809236,0.0090742757809236,
111,2018-11-05 18:24:05,343.0798692549855,8.001208273680877,41.31591172251896,2.02223582779019,0.0189042994752525,1.0,0.0090742757790607,0.0090742757790607,
112,2018-11-05 18:24:06,339.7427617699224,8.001208273680877,41.31591173629237,2.022235934884133,0.0296287741512059,1.0,0.0090742756804057,0.0090742756804057,
113,2018-11-05 18:24:07,336.4056542848592,8.001208273680877,41.31591175006576,2.0222360419780765,0.0403532488271593,1.0,0.0090742757753351,0.0090742757753351,
114,2018-11-05 18:24:08,333.068546799796,8.001208273680877,41.31591176383916,2.0222361490720195,0.0510777235031127,1.0,0.406751393436693,0.406751393436693,
115,2018-11-05 18:24:09,333.1434125032886,8.001208273680877,41.31591270070885,2.022231441196116,0.0901626348495482,1.0,0.4067513881762322,0.4067513881762322,
116,2018-11-05 18:24:10,333.21827820678106,8.001208273680877,41.31591363757855,2.022226733320213,0.1292475461959838,1.0,0.4067513825110647,0.4067513825110647,
117,2018-11-05 18:24:11,333.2931439102736,8.001208273680877,41.31591457444824,2.022222025444309,0.1683324575424193,1.0,0.4067513770482504,0.4067513770482504,
118,2018-11-05 18:24:12,333.3680096137661,8.001208273680877,41.315915511317925,2.022217317568406,0.2074173688888549,1.0,0.2054280661744093,0.2054280661744093,
119,2018-11-05 18:24:13,339.2179641850445,8.001208273680877,41.31591647379576,2.0222152180066786,0.1679860278964042,1.0,0.2054280639960049,0.2054280639960049,
120,2018-11-05 18:24:14,345.06791875632285,8.001208273680877,41.3159174362736,2.0222131184449506,0.1285546869039535,1.0,0.2054280617542846,0.2054280617542846,
121,2018-11-05 18:24:15,350.9178733276012,8.001208273680877,41.31591839875143,2.022211018883223,0.0891233459115028,1.0,0.2054280595442222,0.2054280595442222,
122,2018-11-05 18:24:16,356.7678278988796,8.001208273680877,41.31591936122926,2.0222089193214954,0.0496920049190521,1.0,0.9220631448634068,0.9220631448634068,
123,2018-11-05 18:24:17,243.38712480877467,8.001208273680877,41.315922933983074,2.0222188825298417,0.1457244356473286,1.0,0.922063103671664,0.922063103671664,
124,2018-11-05 18:24:18,130.00642171866977,8.001208273680877,41.315926506736886,2.022228845738188,0.2417568663756052,1.0,0.922063062546858,0.922063062546858,
125,2018-11-05 18:24:19,16.625718628564893,8.001208273680877,41.3159300794907,2.022238808946534,0.3377892971038818,1.0,0.0263433846389149,0.0263433846389149,
126,2018-11-05 18:24:20,17.999635939548703,8.001208273680877,41.31593023240696,2.022239049869368,0.2658178582787513,1.0,0.0263433840928936,0.0263433840928936,
127,2018-11-05 18:24:21,19.37355325053251,8.001208273680877,41.315930385323206,2.022239290792202,0.1938464194536208,1.0,0.0263433840568396,0.0263433840568396,
128,2018-11-05 18:24:22,20.74747056151632,8.001208273680877,41.315930538239456,2.0222395317150363,0.1218749806284903,1.0,0.0263433845307527,0.0263433845307527,
129,2018-11-05 18:24:23,22.12138787250013,8.001208273680877,41.315930691155714,2.0222397726378705,0.0499035418033599,1.0,0.5626868098144825,0.5626868098144825,
130,2018-11-05 18:24:24,18.179748454848763,8.001208273680877,41.31592563145357,2.022239663668102,0.0514197060838341,1.0,0.5626868098265081,0.5626868098265081,
131,2018-11-05 18:24:25,14.2381090371974,8.001208273680877,41.31592057175144,2.0222395546983334,0.0529358703643083,1.0,0.5626868106273184,0.5626868106273184,
132,2018-11-05 18:24:26,10.296469619546036,8.001208273680877,41.31591551204929,2.022239445728565,0.0544520346447825,1.0,0.56268680984876,0.56268680984876,
133,2018-11-05 18:24:27,6.354830201894672,8.001208273680877,41.31591045234715,2.0222393367587967,0.0559681989252567,1.0,0.1893493369869492,0.1893493369869492,
134,2018-11-05 18:24:28,93.63623428226072,8.001208273680877,41.31591042353536,2.0222416036462905,0.064817409031093,1.0,0.1893493370201702,0.1893493370201702,
135,2018-11-05 18:24:29,180.9176383626268,8.001208273680877,41.31591039472357,2.022243870533784,0.0736666191369295,1.0,0.1893493371172107,0.1893493371172107,
136,2018-11-05 18:24:30,268.19904244299283,8.001208273680877,41.31591036591178,2.022246137421277,0.0825158292427659,1.0,0.1893493372379666,0.1893493372379666,
137,2018-11-05 18:24:31,355.4804465233589,8.001208273680877,41.31591033709999,2.0222484043087707,0.0913650393486023,1.0,0.562874014522256,0.562874014522256,
138,2018-11-05 18:24:32,354.4529948268922,8.001208273680877,41.31590868881854,2.022254776695311,0.0923953130841254,1.0,0.5628740275040185,0.5628740275040185,
139,2018-11-05 18:24:33,353.4255431304256,8.001208273680877,41.31590704053708,2.022261149081851,0.0934255868196486,1.0,0.5628740401934483,0.5628740401934483,
140,2018-11-05 18:24:34,352.3980914339589,8.001208273680877,41.315905392255615,2.022267521468391,0.0944558605551719,1.0,0.562874052695748,0.562874052695748,
141,2018-11-05 18:24:35,351.3706397374922,8.001208273680877,41.31590374397416,2.022273893854931,0.0954861342906951,1.0,1.0352560542042826,1.0352560542042826,
142,2018-11-05 18:24:36,352.6936883608587,8.001208273680877,41.31590850837888,2.022284543655545,0.1461138725280761,1.0,1.0352559983814,1.0352559983814,
143,2018-11-05 18:24:37,354.0167369842252,8.001208273680877,41.31591327278359,2.02229519345616,0.1967416107654571,1.0,0.0372047552916269,0.0372047552916269,
144,2018-11-05 18:24:38,351.02728612791566,8.001208273680877,41.315912952189365,2.0222953209531456,0.1478835877496748,1.0,0.037204755296001,0.037204755296001,
145,2018-11-05 18:24:39,348.0378352716061,8.001208273680877,41.31591263159514,2.0222954484501305,0.0990255647338926,1.0,0.0372047560680275,0.0372047560680275,
146,2018-11-05 18:24:40,345.0483844152966,8.001208273680877,41.31591231100091,2.0222955759471155,0.0501675417181104,1.0,0.0372047553365939,0.0372047553365939,
147,2018-11-05 18:24:41,342.05893355898706,8.001208273680877,41.31591199040668,2.022295703444101,0.0013095187023282,1.0,0.0516894566145348,0.0516894566145348,
148,2018-11-05 18:24:42,341.4996981603139,8.001208273680877,41.31591193736487,2.022295088572325,0.0010577627690508,1.0,0.0516894565658973,0.0516894565658973,
149,2018-11-05 18:24:43,340.9404627616408,8.001208273680877,41.31591188432307,2.022294473700549,0.0008060068357735,1.0,0.0516894567344107,0.0516894567344107,
150,2018-11-05 18:24:44,340.38122736296765,8.001208273680877,41.31591183128126,2.0222938588287733,0.0005542509024962,1.0,0.0516894567390789,0.0516894567390789,
151,2018-11-05 18:24:45,339.8219919642945,8.001208273680877,41.31591177823945,2.0222932439569976,0.0003024949692189,1.0,0.7081451952130082,0.7081451952130082,
152,2018-11-05 18:24:46,341.1175240322248,8.001208273680877,41.31591435927832,2.022285492417112,0.0018465134004751,1.0,0.7081451714239199,0.7081451714239199,
153,2018-11-05 18:24:47,342.41305610015496,8.001208273680877,41.31591694031717,2.022277740877226,0.0033905318317313,1.0,0.7081451483430592,0.7081451483430592,
154,2018-11-05 18:24:48,343.7085881680852,8.001208273680877,41.31591952135604,2.02226998933734,0.0049345502629876,1.0,0.8772294512299573,0.8772294512299573,
155,2018-11-05 18:24:49,342.4566782416541,8.001208273680877,41.31592316669954,2.022260674228662,0.0334601011127233,1.0,0.8772294123128694,0.8772294123128694,
156,2018-11-05 18:24:50,341.2047683152231,8.001208273680877,41.31592681204304,2.0222513591199838,0.061985651962459,1.0,0.8772293740601512,0.8772293740601512,
157,2018-11-05 18:24:51,339.952858388792,8.001208273680877,41.31593045738654,2.022242044011305,0.0905112028121948,1.0,0.8338140178616789,0.8338140178616789,
158,2018-11-05 18:24:52,335.2245643132023,8.001208273680877,41.31593629570301,2.0222357787013694,0.135214959581693,1.0,0.8338139878348493,0.8338139878348493,
159,2018-11-05 18:24:53,330.4962702376125,8.001208273680877,41.31594213401947,2.0222295133914336,0.1799187163511912,1.0,0.8338139590383109,0.8338139590383109,
160,2018-11-05 18:24:54,325.7679761620228,8.001208273680877,41.31594797233594,2.022223248081498,0.2246224731206894,1.0,0.5640456162683731,0.5640456162683731,
161,2018-11-05 18:24:55,331.69651888989137,8.001208273680877,41.315947621612,2.0222165105273517,0.2081681117415428,1.0,0.5640456192341983,0.5640456192341983,
162,2018-11-05 18:24:56,337.6250616177599,8.001208273680877,41.31594727088808,2.0222097729732047,0.1917137503623962,1.0,0.5640456223462784,0.5640456223462784,
163,2018-11-05 18:24:57,343.55360434562846,8.001208273680877,41.31594692016414,2.0222030354190577,0.1752593889832496,1.0,0.5640456253297312,0.5640456253297312,
164,2018-11-05 18:24:58,349.482147073497,8.001208273680877,41.3159465694402,2.022196297864911,0.1588050276041031,1.0,0.6044912598921103,0.6044912598921103,
165,2018-11-05 18:24:59,265.8711158983665,8.001208273680877,41.31594336612537,2.0221904498809558,0.1821777336299419,1.0,0.6044912788192557,0.6044912788192557,
166,2018-11-05 18:25:00,182.2600847232361,8.001208273680877,41.31594016281054,2.022184601897,0.2055504396557808,1.0,0.604491298211954,0.604491298211954,
167,2018-11-05 18:25:01,98.64905354810566,8.001208273680877,41.31593695949572,2.022178753913044,0.2289231456816196,1.0,0.6044913180702051,0.6044913180702051,
168,2018-11-05 18:25:02,15.038022372975211,8.001208273680877,41.31593375618088,2.022172905929088,0.2522958517074585,1.0,0.335859315064781,0.335859315064781,
169,2018-11-05 18:25:03,18.75190657143156,8.001208273680877,41.31593196750834,2.022176146441677,0.1929749923292547,1.0,0.3358593210790195,0.3358593210790195,
170,2018-11-05 18:25:04,22.46579076988791,8.001208273680877,41.3159301788358,2.0221793869542664,0.1336541329510509,1.0,0.3358593265656067,0.3358593265656067,
171,2018-11-05 18:25:05,26.17967496834426,8.001208273680877,41.31592839016327,2.0221826274668557,0.0743332735728471,1.0,0.3358593330178379,0.3358593330178379,
172,2018-11-05 18:25:06,29.893559166800607,8.001208273680877,41.31592660149072,2.022185867979444,0.0150124141946434,1.0,1.0567183113376597,1.0567183113376597,
173,2018-11-05 18:25:07,47.93210584027723,8.001208273680877,41.315924686685335,2.022198261311235,0.1809633229859172,1.0,1.0567183409607388,1.0567183409607388,
174,2018-11-05 18:25:08,65.97065251375385,8.001208273680877,41.315922771879954,2.0222106546430254,0.3469142317771911,1.0,0.9178541695572068,0.9178541695572068,
175,2018-11-05 18:25:09,70.08545672136329,8.001208273680877,41.3159208433131,2.022221340585132,0.3947305579980214,1.0,0.9178541950111038,0.9178541950111038,
176,2018-11-05 18:25:10,74.20026092897274,8.001208273680877,41.315918914746256,2.022232026527237,0.4425468842188517,1.0,0.9178542209063152,0.9178542209063152,
177,2018-11-05 18:25:11,78.31506513658218,8.001208273680877,41.3159169861794,2.022242712469344,0.490363210439682,1.0,0.7336590957325488,0.7336590957325488,
178,2018-11-05 18:25:12,82.28861420196658,8.001208273680877,41.31591382497065,2.022235001777056,0.4256209631760915,1.0,0.73365912352443,0.73365912352443,
179,2018-11-05 18:25:13,86.262163267351,8.001208273680877,41.31591066376189,2.0222272910847683,0.360878715912501,1.0,0.7336591505592174,0.7336591505592174,
180,2018-11-05 18:25:14,90.2357123327354,8.001208273680877,41.31590750255314,2.0222195803924805,0.2961364686489105,1.0,0.426426849563878,0.426426849563878,
181,2018-11-05 18:25:15,97.27496847060036,8.001208273680877,41.31590388671256,2.022217879237953,0.3015689849853515,1.0,0.4264268514447734,0.4264268514447734,
182,2018-11-05 18:25:16,104.31422460846534,8.001208273680877,41.31590027087199,2.0222161780834265,0.3070015013217926,1.0,0.426426854815561,0.426426854815561,
183,2018-11-05 18:25:17,111.35348074633032,8.001208273680877,41.315896655031416,2.0222144769288994,0.3124340176582336,1.0,0.4264268574414023,0.4264268574414023,
184,2018-11-05 18:25:18,118.39273688419529,8.001208273680877,41.31589303919084,2.0222127757743724,0.3178665339946747,1.0,0.5707788301733618,0.5707788301733618,
185,2018-11-05 18:25:19,114.8621198946619,8.001208273680877,41.315888051015264,2.022211163056673,0.3700776323676109,1.0,0.570778833373379,0.570778833373379,
186,2018-11-05 18:25:20,111.3315029051285,8.001208273680877,41.31588306283968,2.0222095503389745,0.4222887307405472,1.0,0.5707788358056209,0.5707788358056209,
187,2018-11-05 18:25:21,107.8008859155951,8.001208273680877,41.3158780746641,2.022207937621276,0.4744998291134834,1.0,0.5707788374700878,0.5707788374700878,
188,2018-11-05 18:25:22,104.27026892606172,8.001208273680877,41.31587308648852,2.0222063249035767,0.5267109274864197,1.0,0.1849345465468873,0.1849345465468873,
189,2018-11-05 18:25:23,104.94202998376352,10.001510342101096,41.315874740737975,2.0222065537663854,0.4436230026185512,1.0,0.1849345464967513,0.1849345464967513,
190,2018-11-05 18:25:24,105.61379104146532,12.001812410521316,41.31587639498743,2.022206782629194,0.3605350777506828,1.0,0.1849345472324716,0.1849345472324716,
191,2018-11-05 18:25:25,106.28555209916712,14.002114478941536,41.315878049236886,2.0222070114920028,0.2774471528828143,1.0,0.1849345463964794,0.1849345463964794,
192,2018-11-05 18:25:26,106.95731315686892,16.002416547361754,41.31587970348634,2.0222072403548115,0.1943592280149459,1.0,0.4581506574968625,0.4581506574968625,
193,2018-11-05 18:25:27,108.85397814220602,16.002416547361754,41.31587742983574,2.022202665449917,0.1721881832927465,1.0,0.4581506681755223,0.4581506681755223,
194,2018-11-05 18:25:28,110.7506431275431,16.002416547361754,41.31587515618514,2.0221980905450234,0.150017138570547,1.0,0.45815067925924,0.45815067925924,
195,2018-11-05 18:25:29,112.64730811288018,16.002416547361754,41.31587288253455,2.02219351564013,0.1278460938483476,1.0,0.4581506908408075,0.4581506908408075,
196,2018-11-05 18:25:30,114.54397309821728,16.002416547361754,41.31587060888395,2.022188940735236,0.1056750491261482,1.0,0.4071171997466793,0.4071171997466793,
197,2018-11-05 18:25:31,106.99864092398938,16.002416547361754,41.31587424138956,2.022188330649832,0.1245677452534436,1.0,0.4071171993866647,0.4071171993866647,
198,2018-11-05 18:25:32,99.45330874976148,16.002416547361754,41.31587787389517,2.0221877205644283,0.1434604413807392,1.0,0.4071171990359336,0.4071171990359336,
199,2018-11-05 18:25:33,91.9079765755336,16.002416547361754,41.31588150640078,2.0221871104790243,0.1623531375080347,1.0,0.4071171986805607,0.4071171986805607,
200,2018-11-05 18:25:34,84.3626444013057,16.002416547361754,41.31588513890639,2.0221865003936204,0.1812458336353302,1.0,0.2641506978169917,0.2641506978169917,
201,2018-11-05 18:25:35,84.01421937627043,16.002416547361754,41.31588602715455,2.022189433834909,0.1971336454153061,1.0,0.2641506950160386,0.2641506950160386,
202,2018-11-05 18:25:36,83.66579435123515,16.002416547361754,41.31588691540272,2.022192367276197,0.2130214571952819,1.0,0.2641506915898429,0.2641506915898429,
203,2018-11-05 18:25:37,83.31736932619987,16.002416547361754,41.31588780365088,2.022195300717485,0.2289092689752578,1.0,0.2641506885278662,0.2641506885278662,
204,2018-11-05 18:25:38,82.9689443011646,16.002416547361754,41.31588869189903,2.022198234158774,0.2447970807552337,1.0,0.2276195266536926,0.2276195266536926,
205,2018-11-05 18:25:39,86.57823482465278,16.002416547361754,41.3158882550544,2.022200896822381,0.1901012817397713,1.0,0.2276195279048669,0.2276195279048669,
206,2018-11-05 18:25:40,90.18752534814097,16.002416547361754,41.31588781820978,2.0222035594859884,0.1354054827243089,1.0,0.2276195293608835,0.2276195293608835,
207,2018-11-05 18:25:41,93.79681587162914,16.002416547361754,41.31588738136516,2.0222062221495958,0.0807096837088465,1.0,0.2276195310217421,0.2276195310217421,
208,2018-11-05 18:25:42,97.40610639511732,16.002416547361754,41.31588694452053,2.0222088848132027,0.0260138846933841,1.0,0.2983655974961305,0.2983655974961305,
209,2018-11-05 18:25:43,97.0214557542716,16.002416547361754,41.3158846188089,2.0222071030132795,0.0325734261423348,1.0,0.2983656001442721,0.2983656001442721,
210,2018-11-05 18:25:44,96.63680511342584,16.002416547361754,41.31588229309728,2.0222053212133564,0.0391329675912856,1.0,0.2983656021076081,0.2983656021076081,
211,2018-11-05 18:25:45,96.25215447258012,16.002416547361754,41.315879967385655,2.022203539413433,0.0456925090402364,1.0,0.298365605440555,0.298365605440555,
212,2018-11-05 18:25:46,95.8675038317344,16.002416547361754,41.31587764167403,2.02220175761351,0.0522520504891872,1.0,0.1971813550564736,0.1971813550564736,
213,2018-11-05 18:25:47,98.4959416243683,16.002416547361754,41.315877067278365,2.0222039913131287,0.0423647637944668,1.0,0.1971813563207524,0.1971813563207524,
214,2018-11-05 18:25:48,101.12437941700222,16.002416547361754,41.31587649288271,2.022206225012747,0.0324774770997463,1.0,0.1971813579111304,0.1971813579111304,
215,2018-11-05 18:25:49,103.75281720963612,16.002416547361754,41.31587591848705,2.022208458712365,0.022590190405026,1.0,0.1971813597223398,0.1971813597223398,
216,2018-11-05 18:25:50,106.38125500227004,16.002416547361754,41.31587534409139,2.022210692411984,0.0127029037103056,1.0,0.1103129021578224,0.1103129021578224,
217,2018-11-05 18:25:51,107.17926015394848,16.002416547361754,41.31587528869813,2.022212011204197,0.0158900327514856,1.0,0.1103129022883076,0.1103129022883076,
218,2018-11-05 18:25:52,107.97726530562691,16.002416547361754,41.31587523330487,2.022213329996411,0.0190771617926656,1.0,0.110312902381762,0.110312902381762,
219,2018-11-05 18:25:53,108.77527045730535,16.002416547361754,41.315875177911614,2.022214648788625,0.0222642908338456,1.0,0.1103129024381854,0.1103129024381854,
220,2018-11-05 18:25:54,109.57327560898382,16.002416547361754,41.31587512251836,2.0222159675808378,0.0254514198750257,1.0,0.473286104947734,0.473286104947734,
221,2018-11-05 18:25:55,108.84198262247618,16.002416547361754,41.31587705716513,2.022221015339253,0.0237145940773188,1.0,0.4732860934433284,0.4732860934433284,
222,2018-11-05 18:25:56,108.11068963596855,16.002416547361754,41.3158789918119,2.022226063097669,0.021977768279612,1.0,0.4732860826241239,0.4732860826241239,
223,2018-11-05 18:25:57,107.37939664946092,16.002416547361754,41.31588092645868,2.0222311108560844,0.0202409424819051,1.0,0.4732860715118724,0.4732860715118724,
224,2018-11-05 18:25:58,106.64810366295328,16.002416547361754,41.31588286110545,2.0222361586145,0.0185041166841983,1.0,0.084849393959889,0.084849393959889,
225,2018-11-05 18:25:59,107.67209928369992,16.002416547361754,41.31588357959217,2.022236500793181,0.0255325380712746,1.0,0.084849393841303,0.084849393841303,
226,2018-11-05 18:26:00,108.69609490444655,16.002416547361754,41.315884298078885,2.0222368429718616,0.032560959458351,1.0,0.0848493937477003,0.0848493937477003,
227,2018-11-05 18:26:01,109.72009052519324,16.002416547361754,41.3158850165656,2.0222371851505425,0.0395893808454274,1.0,0.084849393641606,0.084849393641606,
228,2018-11-05 18:26:02,110.74408614593987,16.002416547361754,41.31588573505232,2.0222375273292235,0.0466178022325038,1.0,0.1363600404473254,0.1363600404473254,
229,2018-11-05 18:26:03,109.51744905780272,16.002416547361754,41.31588647225585,2.022238832101609,0.03825248288922,1.0,0.1363600394624393,0.1363600394624393,
230,2018-11-05 18:26:04,108.29081196966554,16.002416547361754,41.315887209459376,2.022240136873995,0.0298871635459363,1.0,0.1363600379729506,0.1363600379729506,
231,2018-11-05 18:26:05,107.06417488152836,16.002416547361754,41.3158879466629,2.02224144164638,0.0215218442026525,1.0,0.1363600374926671,0.1363600374926671,
232,2018-11-05 18:26:06,105.8375377933912,16.002416547361754,41.315888683866426,2.022242746418766,0.0131565248593688,1.0,0.0769432150749686,0.0769432150749686,
233,2018-11-05 18:26:07,104.57292143837417,16.002416547361754,41.31588878690887,2.0222436574413147,0.0122828348539769,1.0,0.0769432150370093,0.0769432150370093,
234,2018-11-05 18:26:08,103.30830508335714,16.002416547361754,41.31588888995133,2.0222445684638632,0.0114091448485851,1.0,0.0769432149547466,0.0769432149547466,
235,2018-11-05 18:26:09,102.0436887283401,16.002416547361754,41.31588899299378,2.022245479486412,0.0105354548431932,1.0,0.0769432147181549,0.0769432147181549,
236,2018-11-05 18:26:10,100.77907237332306,16.002416547361754,41.31588909603622,2.022246390508961,0.0096617648378014,1.0,0.0438229188571102,0.0438229188571102,
237,2018-11-05 18:26:11,97.06484111587952,16.002416547361754,41.31588871023112,2.022246497655214,0.0457841872703283,1.0,0.0438229196413658,0.0438229196413658,
238,2018-11-05 18:26:12,93.35060985843596,16.002416547361754,41.31588832442601,2.0222466048014667,0.0819066097028553,1.0,0.043822919652181,0.043822919652181,
239,2018-11-05 18:26:13,89.6363786009924,16.002416547361754,41.3158879386209,2.0222467119477194,0.1180290321353822,1.0,0.043822918889556,0.043822918889556,
240,2018-11-05 18:26:14,85.92214734354886,16.002416547361754,41.3158875528158,2.022246819093972,0.1541514545679092,1.0,0.655879472126393,0.655879472126393,
241,2018-11-05 18:26:15,82.52977679791111,16.002416547361754,41.315892507460646,2.022242557862649,0.1217776178382336,1.0,0.6558794581319096,0.6558794581319096,
242,2018-11-05 18:26:16,79.13740625227337,16.002416547361754,41.3158974621055,2.022238296631325,0.0894037811085581,1.0,0.655879442789972,0.655879442789972,
243,2018-11-05 18:26:17,75.74503570663562,16.002416547361754,41.31590241675034,2.022234035400001,0.0570299443788826,1.0,0.655879428091574,0.655879428091574,
244,2018-11-05 18:26:18,72.35266516099787,16.002416547361754,41.315907371395184,2.022229774168678,0.0246561076492071,1.0,0.4861954159132072,0.4861954159132072,
245,2018-11-05 18:26:19,57.28155863234359,16.002416547361754,41.31590952357701,2.022224706649537,0.0518274013884365,1.0,0.4861954037492423,0.4861954037492423,
246,2018-11-05 18:26:20,42.210452103689306,16.002416547361754,41.31591167575884,2.0222196391303964,0.0789986951276659,1.0,0.4861953916175617,0.4861953916175617,
247,2018-11-05 18:26:21,27.139345575035023,16.002416547361754,41.31591382794067,2.022214571611255,0.1061699888668953,1.0,0.4861953794213112,0.4861953794213112,
248,2018-11-05 18:26:22,12.06823904638074,16.002416547361754,41.3159159801225,2.0222095040921144,0.1333412826061248,1.0,1.0591284097250118,1.0591284097250118,
249,2018-11-05 18:26:23,169.81440600822586,16.002416547361754,41.31592375005742,2.0222021688329868,0.1333412826061248,1.0,1.059128366841274,1.059128366841274,
250,2018-11-05 18:26:24,327.560572970071,16.002416547361754,41.31593151999234,2.022194833573859,0.1333412826061248,1.0,2.623897825400797,2.623897825400797,
251,2018-11-05 18:26:25,281.8023216822175,16.002416547361754,41.31594298704475,2.022167374823721,0.4784659147262573,1.0,0.040475932476671,0.040475932476671,
252,2018-11-05 18:26:26,284.82560929567524,16.002416547361754,41.31594292526811,2.022166897207258,0.4085284769535064,1.0,0.0404759325504783,0.0404759325504783,
253,2018-11-05 18:26:27,287.84889690913303,16.002416547361754,41.31594286349147,2.022166419590795,0.3385910391807556,1.0,0.0404759327218221,0.0404759327218221,
254,2018-11-05 18:26:28,290.8721845225908,16.002416547361754,41.315942801714826,2.022165941974332,0.2686536014080047,1.0,0.0404759325884406,0.0404759325884406,
255,2018-11-05 18:26:29,293.89547213604857,16.002416547361754,41.31594273993819,2.022165464357869,0.1987161636352539,1.0,0.3360343331965347,0.3360343331965347,
256,2018-11-05 18:26:30,293.32672911405075,16.002416547361754,41.31594021331436,2.0221632569237618,0.3333831578493118,1.0,0.3360343377776678,0.3360343377776678,
257,2018-11-05 18:26:31,292.757986092053,16.002416547361754,41.31593768669053,2.0221610494896547,0.4680501520633697,1.0,0.3360343416778857,0.3360343416778857,
258,2018-11-05 18:26:32,292.1892430700552,16.002416547361754,41.3159351600667,2.022158842055548,0.6027171462774277,1.0,0.3360343449582318,0.3360343449582318,
259,2018-11-05 18:26:33,291.6205000480574,16.002416547361754,41.31593263344288,2.022156634621441,0.7373841404914856,1.0,0.3483276441750588,0.3483276441750588,
260,2018-11-05 18:26:34,294.1560438528846,16.002416547361754,41.31593435468305,2.022160119376529,0.568452674895525,1.0,0.3483276373507503,0.3483276373507503,
261,2018-11-05 18:26:35,296.6915876577117,16.002416547361754,41.31593607592322,2.0221636041316176,0.3995212092995643,1.0,0.348327630898589,0.348327630898589,
262,2018-11-05 18:26:36,299.22713146253886,16.002416547361754,41.315937797163386,2.0221670888867056,0.2305897437036037,1.0,0.3483276249115397,0.3483276249115397,
263,2018-11-05 18:26:37,301.76267526736603,16.002416547361754,41.31593951840356,2.0221705736417936,0.0616582781076431,1.0,0.6734550838701439,0.6734550838701439,
264,2018-11-05 18:26:38,312.418617316043,16.002416547361754,41.31594554334486,2.0221697511734877,0.243864744901657,1.0,0.6734550832225559,0.6734550832225559,
265,2018-11-05 18:26:39,323.07455936472,16.002416547361754,41.31595156828616,2.022168928705181,0.4260712116956711,1.0,0.6734550825749677,0.6734550825749677,
266,2018-11-05 18:26:40,333.730501413397,16.002416547361754,41.31595759322746,2.0221681062368746,0.6082776784896851,1.0,0.7101454140665195,0.7101454140665195,
267,2018-11-05 18:26:41,332.13299302188216,16.002416547361754,41.315963902794245,2.0221667904666862,0.5543392598628998,1.0,0.7101454124147847,0.7101454124147847,
268,2018-11-05 18:26:42,330.53548463036736,16.002416547361754,41.31597021236103,2.0221654746964983,0.5004008412361145,1.0,0.710145410774528,0.710145410774528,
269,2018-11-05 18:26:43,328.9379762388525,16.002416547361754,41.315976521927816,2.02216415892631,0.4464624226093292,1.0,1.2509462324275968,1.2509462324275968,
270,2018-11-05 18:26:44,328.9086974946104,12.66857976666139,41.31598616545984,2.022156445273397,0.5768507321675619,1.0,1.2509461840215228,1.2509461840215228,
271,2018-11-05 18:26:45,328.87941875036825,9.334742985961023,41.31599580899187,2.0221487316204843,0.7072390417257945,1.0,1.2509461342609174,1.2509461342609174,
351,2018-11-08 17:37:59,139.7,5.0,41.315998658537865,2.022136654704809,1.15,1.0,1.1792398313101145,1.1792398313101145,
352,2018-11-08 17:38:00,145.8,4.0,41.31599652115256,2.0221504848450422,1.17,1.0,1.5702717298560531,1.5702717298560531,
353,2018-11-08 17:38:01,151.1,4.0,41.31598264910281,2.0221540052443743,1.22,1.0,1.046608747675949,1.046608747675949,
354,2018-11-08 17:38:02,152.9,4.0,41.31597397383303,2.0221588667482138,1.1999999,1.0,1.4553085739674336,1.4553085739674336,
355,2018-11-08 17:38:03,162.7,4.0,41.31596236489713,2.0221669133752584,0.87,1.0,1.552595276249613,1.552595276249613,
356,2018-11-08 17:38:04,175.0,4.0,41.31594840902835,2.0221675001084805,0.7,1.0,1.050673741115038,1.050673741115038,
357,2018-11-08 17:38:05,183.7,4.0,41.315939775668085,2.022162387147546,1.01,1.0,1.8537308639238612,1.8537308639238612,
358,2018-11-08 17:38:06,185.8,4.0,41.31592334713787,2.0221586152911186,1.16,1.0,1.1965393524587342,1.1965393524587342,
359,2018-11-08 17:38:07,181.5,5.0,41.31591270212084,2.0221607107669115,0.74,1.0,1.0919064504236886,1.0919064504236886,
360,2018-11-08 17:38:08,180.8,4.0,41.31590289529413,2.022160040214658,0.78999996,1.0,0.9001663179115813,0.9001663179115813,
361,2018-11-08 17:38:09,159.9,4.0,41.315896064043045,2.022165823727846,1.09,1.0,1.2420520765811316,1.2420520765811316,
362,2018-11-08 17:38:10,142.1,4.0,41.31589195691049,2.022179653868079,1.03,1.0,1.7264115296063676,1.7264115296063676,
363,2018-11-08 17:38:11,137.6,4.0,41.31588147953153,2.0221949089318514,1.3299999,1.0,1.6450808944444488,1.6450808944444488,
364,2018-11-08 17:38:12,130.4,5.0,41.31586932577193,2.022206140682101,1.1999999,1.0,1.6160713775453577,1.6160713775453577,
365,2018-11-08 17:38:13,125.5,4.0,41.31586014758796,2.0222211442887783,1.28,1.0,1.325102326501117,1.325102326501117,
366,2018-11-08 17:38:14,132.7,4.0,41.315850634127855,2.022230699658394,1.26,1.0,1.319743276898357,1.319743276898357,
367,2018-11-08 17:38:15,139.6,5.0,41.31584174931049,2.0222411770373583,1.49,1.0,0.8237196397718657,0.8237196397718657,
368,2018-11-08 17:38:16,136.9,5.0,41.31583625916392,2.022247798740864,1.01,1.0,1.1197026568029065,1.1197026568029065,
369,2018-11-08 17:38:17,146.5,5.0,41.31582926027477,2.022257437929511,0.90999997,1.0,0.6032031141712747,0.6032031141712747,
370,2018-11-08 17:38:18,141.8,5.0,41.3158267037943,2.022263808175921,1.13,1.0,1.008668258431097,1.008668258431097,
371,2018-11-08 17:38:19,141.3,6.0,41.315822303295135,2.0222743693739176,0.68,1.0,0.6519783107749848,0.6519783107749848,
372,2018-11-08 17:38:20,126.7,5.0,41.315820794552565,2.022281913086772,0.81,1.0,1.271791410599386,1.271791410599386,
373,2018-11-08 17:38:21,135.1,5.0,41.31582234520465,2.0222970005124807,1.16,1.0,1.3689249921526587,1.3689249921526587,
374,2018-11-08 17:38:22,143.1,6.0,41.315815639682114,2.022310746833682,1.13,1.0,1.1016514576010228,1.1016514576010228,
375,2018-11-08 17:38:23,144.0,6.0,41.31581014953554,2.0223217271268368,0.85999995,1.0,0.8188522279337148,0.8188522279337148,
376,2018-11-08 17:38:24,151.5,6.0,41.31580717395991,2.0223306957632303,1.31,1.0,1.398307140327575,1.398307140327575,
377,2018-11-08 17:38:25,145.1,6.0,41.31580088753253,2.022345196455717,1.24,1.0,1.536075942196623,1.536075942196623,
378,2018-11-08 17:38:26,138.3,6.0,41.31579648703337,2.022362630814314,1.22,1.0,1.2806638103318353,1.2806638103318353,
379,2018-11-08 17:38:27,143.1,6.0,41.31579334381968,2.022377382963896,1.28,1.0,1.649554204377803,1.649554204377803,
380,2018-11-08 17:38:28,151.1,6.0,41.31578127387911,2.022388866171241,1.53,1.0,1.6939806050645243,1.6939806050645243,
381,2018-11-08 17:38:29,148.0,6.0,41.31576610263437,2.022387022152543,1.02,1.0,1.5108974834216136,1.5108974834216136,
382,2018-11-08 17:38:30,148.5,7.0,41.31575306877494,2.0223921351134777,0.48,1.0,1.1657015764269067,1.1657015764269067,
383,2018-11-08 17:38:31,136.9,5.0,41.31574791390449,2.0224042888730764,0.84,1.0,1.474940668690081,1.474940668690081,
384,2018-11-08 17:38:32,133.9,5.0,41.315737729892135,2.022415604442358,1.24,1.0,1.9939808326114403,1.9939808326114403,
385,2018-11-08 17:38:33,123.5,5.0,41.31572289392352,2.0224290154874325,1.36,1.0,1.7146587864817333,1.7146587864817333,
235,2018-11-10 18:25:18,132.2,13.0,41.315955868922174,2.0220970921218395,1.86,1.0,2.154792870700241,2.154792870700241,
236,2018-11-10 18:25:19,136.6,13.0,41.31593839265406,2.0221082400530577,1.5899999,1.0,1.4685403093922391,1.4685403093922391,
237,2018-11-10 18:25:20,140.2,13.0,41.315925191156566,2.0221077371388674,1.14,1.0,1.94703047219987,1.94703047219987,
238,2018-11-10 18:25:21,153.8,13.0,41.31590796634555,2.022111928090453,1.35,1.0,2.2594000711266835,2.2594000711266835,
239,2018-11-10 18:25:22,170.0,13.0,41.31588923279196,2.0221014507114887,1.64,1.0,1.6747585524233777,1.6747585524233777,
240,2018-11-10 18:25:23,176.9,13.0,41.31587477400899,2.022095834836364,0.97999996,1.0,1.7516577221731688,1.7516577221731688,
241,2018-11-10 18:25:24,177.5,10.0,41.315859435126185,2.022091057151556,1.1899999,1.0,1.804620389602433,1.804620389602433,
242,2018-11-10 18:25:25,163.3,13.0,41.31584359332919,2.022095751017332,1.37,1.0,1.612748617954436,1.612748617954436,
243,2018-11-10 18:25:26,153.2,14.0,41.31583315785974,2.0221091620624065,1.4,1.0,1.0535385231098997,1.0535385231098997,
244,2018-11-10 18:25:27,151.2,15.0,41.31582452449948,2.022114358842373,1.0699999,1.0,0.8511733045986496,0.8511733045986496,
245,2018-11-10 18:25:28,147.3,14.0,41.31581727415323,2.02211762778461,0.81,1.0,1.1866709998983782,1.1866709998983782,
246,2018-11-10 18:25:29,140.7,11.0,41.31581584922969,2.022131709381938,0.72999996,1.0,1.2221723232197872,1.2221723232197872,
247,2018-11-10 18:25:30,138.6,12.0,41.31581396330148,2.022146126255393,0.66999996,1.0,1.195722579704512,1.195722579704512,
248,2018-11-10 18:25:31,140.8,12.0,41.31580780260265,2.022157860919833,0.82,1.0,1.0990428503876415,1.0990428503876415,
249,2018-11-10 18:25:32,131.6,12.0,41.31580780260265,2.0221710205078125,1.2099999,1.0,1.442244454300727,1.442244454300727,
250,2018-11-10 18:25:33,120.8,14.0,41.31580801215023,2.022188287228346,1.01,1.0,1.4221804005187346,1.4221804005187346,
251,2018-11-10 18:25:34,116.8,17.0,41.31580365356058,2.0222042966634035,0.71,1.0,1.8499748714978623,1.8499748714978623,
252,2018-11-10 18:25:35,113.9,15.0,41.31580289918929,2.0222264248877764,0.90999997,1.0,1.4277595698375374,1.4277595698375374,
253,2018-11-10 18:25:36,122.8,16.0,41.3157923379913,2.022236147895456,1.2099999,1.0,2.092785072654678,2.092785072654678,
254,2018-11-10 18:25:37,127.7,17.0,41.31578315980733,2.022258024662733,1.41,1.0,2.2459943322228497,2.2459943322228497,
255,2018-11-10 18:25:38,122.8,17.0,41.31577750202269,2.0222838409245014,1.9,1.0,2.003296203952974,2.003296203952974,
256,2018-11-10 18:25:39,129.1,17.0,41.31576480343938,2.02230085618794,1.52,1.0,3.631815601972834,3.631815601972834,
257,2018-11-10 18:25:40,131.4,16.0,41.31573643069714,2.0223223976790905,1.43,1.0,3.642263915167911,3.642263915167911,
258,2018-11-10 18:25:41,134.0,14.0,41.315704830922186,2.0223338808864355,1.02,1.0,2.088686654775747,2.088686654775747,
302,2018-11-10 18:25:17,127.18484325178083,6.000906205260658,41.31597395376265,2.022105211224776,1.0550852417945862,1.0,1.6495097239543075,1.6495097239543075,
303,2018-11-10 18:25:18,138.70265955106507,6.000906205260658,41.31596162764535,2.0221162005420865,1.0345267057418823,1.0,1.065040449479621,1.065040449479621,
304,2018-11-10 18:25:19,142.20334323656087,6.000906205260658,41.31595229706626,2.022119081153803,1.0033757090568542,1.0,1.065040456489035,1.065040456489035,
305,2018-11-10 18:25:20,145.70402692205667,6.000906205260658,41.31594296648718,2.022121961765519,0.9722247123718262,1.0,1.3996119603274702,1.3996119603274702,
306,2018-11-10 18:25:21,150.1673779597416,6.000906205260658,41.31593178336401,2.022129652995747,0.9921383857727052,1.0,1.3996120108886498,1.3996120108886498,
307,2018-11-10 18:25:22,154.6307289974265,6.000906205260658,41.31592060024084,2.0221373442259742,1.012052059173584,1.0,1.830259601319213,1.830259601319213,
308,2018-11-10 18:25:23,155.8496923680312,6.000906205260658,41.31590495215508,2.022144141796128,1.007049560546875,1.0,1.8302596435930985,1.8302596435930985,
309,2018-11-10 18:25:24,157.06865573863584,6.000906205260658,41.31588930406932,2.022150939366281,1.002047061920166,1.0,1.3330450611724027,1.3330450611724027,
310,2018-11-10 18:25:25,152.11025942009758,6.000906205260658,41.31587737105865,2.0221524714101085,1.0130923390388489,1.0,1.3330450626343129,1.3330450626343129,
311,2018-11-10 18:25:26,147.1518631015593,6.000906205260658,41.31586543804798,2.022154003453936,1.0241376161575315,1.0,0.6185673280194623,0.6185673280194623,
312,2018-11-10 18:25:27,147.04949677973858,6.000906205260658,41.31586120166845,2.0221588037591376,0.686438321446379,1.0,0.618567344329176,0.618567344329176,
313,2018-11-10 18:25:28,146.9471304579179,6.000906205260658,41.31585696528894,2.02216360406434,0.3487390267352263,1.0,0.6185673617941799,0.6185673617941799,
314,2018-11-10 18:25:29,146.84476413609718,6.000906205260658,41.31585272890941,2.0221684043695416,0.0110397320240736,1.0,0.402142904341622,0.402142904341622,
315,2018-11-10 18:25:30,144.7744654967746,6.000906205260658,41.31585137709517,2.022172870480788,0.1163902170956134,1.0,0.4021429118461784,0.4021429118461784,
316,2018-11-10 18:25:31,142.7041668574521,6.000906205260658,41.31585002528092,2.0221773365920344,0.2217407021671533,1.0,0.4021429186912886,0.4021429186912886,
317,2018-11-10 18:25:32,140.6338682181295,6.000906205260658,41.31584867346668,2.0221818027032805,0.3270911872386932,1.0,0.5326709483426788,0.5326709483426788,
318,2018-11-10 18:25:33,139.07114484169267,6.5009817223657125,41.31584499996245,2.02218589634734,0.3865550383925437,1.0,0.5326709601036193,0.5326709601036193,
319,2018-11-10 18:25:34,137.50842146525582,7.001057239470768,41.31584132645823,2.022189989991398,0.4460188895463943,1.0,0.5326709724704325,0.5326709724704325,
320,2018-11-10 18:25:35,135.945698088819,7.501132756575823,41.315837652954,2.022194083635457,0.5054827407002449,1.0,0.5326709854431181,0.5326709854431181,
321,2018-11-10 18:25:36,134.38297471238218,8.001208273680877,41.31583397944977,2.022198177279516,0.5649465918540955,1.0,1.0691588524968607,1.0691588524968607,
322,2018-11-10 18:25:37,145.67638742321537,8.001208273680877,41.31582546590084,2.022204127236573,0.6438124775886536,1.0,1.0691588833792771,1.0691588833792771,
323,2018-11-10 18:25:38,156.9698001340485,8.001208273680877,41.315816952351895,2.022210077193631,0.7226783633232117,1.0,1.0691589128280838,1.0691589128280838,
324,2018-11-10 18:25:39,168.26321284488168,8.001208273680877,41.31580843880296,2.022216027150688,0.8015442490577698,1.0,2.6785520443648108,2.6785520443648108,
325,2018-11-10 18:25:40,150.92649884447513,8.001208273680877,41.31579773424876,2.022244758607506,0.8015442490577698,1.0,3.2216368583947683,3.2216368583947683,
326,2018-11-10 18:25:41,125.91625855685604,8.001208273680877,41.31577973867321,2.0222749903665225,0.7533953785896301,1.0,1.2475986300337216,1.2475986300337216,
327,2018-11-10 18:25:42,125.34229727033237,8.001208273680877,41.3157761360118,2.022289137677048,0.5880048424005508,1.0,1.2475986919149458,1.2475986919149458,
328,2018-11-10 18:25:43,124.76833598380868,8.001208273680877,41.31577253335039,2.0223032849875744,0.4226143062114715,1.0,0.3198328419102511,0.3198328419102511,
329,2018-11-10 18:25:44,125.76312571566436,7.334440917540804,41.31577067008861,2.0223062024222003,0.3587005684773127,1.0,0.3198328472162733,0.3198328472162733,
330,2018-11-10 18:25:45,126.75791544752002,6.667673561400731,41.31576880682683,2.022309119856826,0.2947868307431538,1.0,0.3198328525222955,0.3198328525222955,
331,2018-11-10 18:25:46,127.7527051793757,6.000906205260658,41.31576694356505,2.022312037291452,0.230873093008995,1.0,0.7333215327203139,0.7333215327203139,
332,2018-11-10 18:25:47,129.12538651071094,6.000906205260658,41.31576516523419,2.022320492593789,0.308491826057434,1.0,0.7333215514497177,0.7333215514497177,
333,2018-11-10 18:25:48,130.49806784204617,6.000906205260658,41.31576338690332,2.0223289478961264,0.386110559105873,1.0,0.7333215698244536,0.7333215698244536,
334,2018-11-10 18:25:49,131.87074917338143,6.000906205260658,41.31576160857246,2.022337403198464,0.4637292921543121,1.0,0.37566929766487,0.37566929766487,
335,2018-11-10 18:25:50,136.9260385554855,6.000906205260658,41.315759346761226,2.022340744565207,0.4006083533167838,1.0,0.3756693048303995,0.3756693048303995,
336,2018-11-10 18:25:51,141.98132793758958,6.000906205260658,41.31575708494999,2.02234408593195,0.3374874144792556,1.0,0.3756693125799756,0.3756693125799756,
337,2018-11-10 18:25:52,147.03661731969368,6.000906205260658,41.315754823138754,2.022347427298693,0.2743664756417274,1.0,0.3756693192441101,0.3756693192441101,
338,2018-11-10 18:25:53,152.09190670179774,6.000906205260658,41.31575256132752,2.0223507686654365,0.2112455368041992,1.0,0.6619543658230813,0.6619543658230813,
339,2018-11-10 18:25:54,147.83689920109543,6.000906205260658,41.31574905914819,2.02235717801437,0.1836443990468978,1.0,0.6619543895748994,0.6619543895748994,
340,2018-11-10 18:25:55,143.58189170039316,6.000906205260658,41.31574555696885,2.022363587363304,0.1560432612895965,1.0,0.6619544123371235,0.6619544123371235,
341,2018-11-10 18:25:56,139.32688419969085,6.000906205260658,41.31574205478952,2.022369996712237,0.1284421235322952,1.0,1.4076368865847724,1.4076368865847724,
342,2018-11-10 18:25:57,124.44004977154115,7.001057239470768,41.31573548921924,2.0223844072429467,0.4443920329213142,1.0,1.407636990263705,1.407636990263705,
343,2018-11-10 18:25:58,109.55321534339149,8.001208273680877,41.31572892364897,2.0223988177736567,0.7603419423103333,1.0,2.194437020569541,2.194437020569541,
344,2018-11-10 18:25:59,109.88738917872354,8.001208273680877,41.315713063447085,2.022414454117258,0.5409917831420898,1.0,1.4457695470007443,1.4457695470007443,
348,2018-11-11 16:14:06,175.75,12.328,41.315996605,2.022460815,0.99,1.0,1.375684010865374,1.375684010865374,
349,2018-11-11 16:14:07,196.1,12.864,41.3159863,2.0224517,1.01,1.0,1.6751177570751703,1.6751177570751703,
350,2018-11-11 16:14:08,203.3,12.864,41.31597655,2.02243641,0.94,1.0,1.4232776920543149,1.4232776920543149,
351,2018-11-11 16:14:09,201.1,13.936001,41.31596718,2.0224248,0.93,1.0,1.7506263344473585,1.7506263344473585,
352,2018-11-11 16:14:10,190.9,13.936001,41.31595303,2.02241561,1.3,1.0,2.2489243639186087,2.2489243639186087,
353,2018-11-11 16:14:11,183.4,13.936001,41.31593339,2.02240918,1.39,1.0,1.8075081119802976,1.8075081119802976,
354,2018-11-11 16:14:12,189.2,13.936001,41.3159186,2.0224002,1.09,1.0,2.0019993519187107,2.0019993519187107,
355,2018-11-11 16:14:13,200.6,15.008,41.31590289,2.02238849,1.73,1.0,2.188360319996284,2.188360319996284,
356,2018-11-11 16:14:14,207.3,15.008,41.31588435,2.0223797,1.34,1.0,1.976239502874576,1.976239502874576,
357,2018-11-11 16:14:15,211.1,13.936001,41.31587071,2.02236453,1.23,1.0,1.726708555094737,1.726708555094737,
358,2018-11-11 16:14:16,195.2,13.936001,41.3158597,2.02234995,1.22,1.0,1.4017137952465306,1.4017137952465306,
359,2018-11-11 16:14:17,171.6,13.936001,41.31584793,2.02234394,1.45,1.0,0.807302815165913,0.807302815165913,
360,2018-11-11 16:14:18,143.0,12.864,41.31584067,2.02234386,0.67,1.0,1.0136283248412252,1.0136283248412252,
361,2018-11-11 16:14:19,127.5,12.864,41.3158366,2.02235472,0.94,1.0,1.6700930067541209,1.6700930067541209,
362,2018-11-11 16:14:20,99.3,12.864,41.31583537,2.02237465,1.42,1.0,2.532708409421801,2.532708409421801,
363,2018-11-11 16:14:21,101.4,12.864,41.31583225,2.02240469,2.03,1.0,2.4091499694495475,2.4091499694495475,
364,2018-11-11 16:14:22,107.3,12.864,41.31582416,2.02243145,1.99,1.0,1.9445351245081297,1.9445351245081297,
365,2018-11-11 16:14:23,118.7,12.864,41.31581331,2.02244971,1.47,1.0,2.0421977886380267,2.0421977886380267,
366,2018-11-11 16:14:24,119.1,12.864,41.31580269,2.02246966,1.8,1.0,1.378549931497598,1.378549931497598,
367,2018-11-11 16:14:25,116.3,12.864,41.31579663,2.02248406,0.56,1.0,0.4347313878570271,0.4347313878570271,
368,2018-11-11 16:14:26,99.4,13.936001,41.31579427,2.02248821,0.41,1.0,0.2297742245596804,0.2297742245596804,
369,2018-11-11 16:14:27,0.0,13.936001,41.31579236,2.02248926,0.0,1.0,0.3818409118377926,0.3818409118377926,
370,2018-11-11 16:14:28,43.6,15.008,41.31578893,2.02248904,0.35,1.0,0.5614280421705842,0.5614280421705842,
371,2018-11-11 16:14:29,91.5,15.008,41.31578391,2.02248976,0.34,1.0,1.1360331436694329,1.1360331436694329,
372,2018-11-11 16:14:30,116.3,13.936001,41.31577401,2.02249312,0.62,1.0,1.7676143315636694,1.7676143315636694,
447,2018-11-08 17:28:34,157.5,10.0,41.31600875876966,2.022152328865624,0.8299999833106995,1.0,1.1417535390453766,1.1417535390453766,
448,2018-11-08 17:28:35,163.4765625,10.0,41.31599895194295,2.022148277612424,0.8966666460037231,1.0,1.1417535541415764,1.1417535541415764,
449,2018-11-08 17:28:36,169.453125,10.0,41.31598914511624,2.022144226359224,0.9633333086967468,1.0,1.1417535692157943,1.1417535692157943,
450,2018-11-08 17:28:37,175.4296875,10.0,41.31597933828953,2.0221401751060246,1.0299999713897705,1.0,1.8500830836399813,1.8500830836399813,
451,2018-11-08 17:28:38,175.78125,10.0,41.315962700211735,2.022140091286993,1.25,1.0,1.8500830836467423,1.8500830836467423,
452,2018-11-08 17:28:39,176.1328125,10.0,41.31594606213394,2.022140007467961,1.4700000286102295,1.0,1.8679680901882163,1.8679680901882163,
453,2018-11-08 17:28:40,179.47265625,10.0,41.31592927737284,2.0221390854586123,1.415000021457672,1.0,1.867968091005613,1.867968091005613,
454,2018-11-08 17:28:41,182.8125,10.0,41.31591249261174,2.0221381634492634,1.3600000143051147,1.0,1.5644384113101075,1.5644384113101075,
455,2018-11-08 17:28:42,182.28515625,10.0,41.315898452923925,2.022136948073304,1.4200000166893003,1.0,1.5644384127310371,1.5644384127310371,
456,2018-11-08 17:28:43,181.7578125,10.0,41.31588441323611,2.022135732697344,1.4800000190734863,1.0,1.5079690089267035,1.5079690089267035,
457,2018-11-08 17:28:44,162.24609375,7.5,41.31587087646249,2.0221368223447564,1.4100000262260437,1.0,1.5079690100650067,1.5079690100650067,
458,2018-11-08 17:28:45,142.734375,5.0,41.31585733968887,2.0221379119921683,1.340000033378601,1.0,1.5865991052301982,1.5865991052301982,
459,2018-11-08 17:28:46,135.87890625,5.0,41.315846045074345,2.0221495209280604,1.5099999904632568,1.0,1.586599207913783,1.586599207913783,
460,2018-11-08 17:28:47,129.0234375,5.0,41.31583475045982,2.022161129863953,1.6799999475479126,1.0,1.5389104050757534,1.5389104050757534,
461,2018-11-08 17:28:48,121.2890625,5.0,41.31582789825398,2.0221771392990107,1.5799999833106997,1.0,1.538910527227517,1.538910527227517,
462,2018-11-08 17:28:49,113.5546875,5.0,41.315821046048136,2.0221931487340687,1.4800000190734863,1.0,1.1848580589050235,1.1848580589050235,
463,2018-11-08 17:28:50,113.37890625,5.0,41.31581706464413,2.022206308322048,1.475000023841858,1.0,1.1848581211738347,1.1848581211738347,
464,2018-11-08 17:28:51,113.203125,5.0,41.31581308324012,2.0222194679100274,1.4700000286102295,1.0,1.5088973449372152,1.5088973449372152,
465,2018-11-08 17:28:52,117.24609375,5.0,41.315805476663,2.022234429607189,1.4700000286102295,1.0,1.508897465692831,1.508897465692831,
466,2018-11-08 17:28:53,121.2890625,5.0,41.315797870085866,2.0222493913043498,1.4700000286102295,1.0,1.5101073349259946,1.5101073349259946,
467,2018-11-08 17:28:54,124.62890625,5.0,41.31578869190189,2.022262718530393,1.4000000357627869,1.0,1.5101074504426146,1.5101074504426146,
468,2018-11-08 17:28:55,127.96875,5.0,41.31577951371792,2.022276045756436,1.3300000429153442,1.0,1.7645950156338777,1.7645950156338777,
469,2018-11-08 17:28:56,124.27734375,5.0,41.31576989548403,2.0222928514722947,1.4000000357627869,1.0,1.7645951803667546,1.7645951803667546,
470,2018-11-08 17:28:57,120.5859375,5.0,41.31576027725014,2.022309657188153,1.4700000286102295,1.0,1.7595794765172992,1.7595794765172992,
471,2018-11-08 17:28:58,127.79296875,5.0,41.31574856354046,2.022323822604513,1.4800000190734863,1.0,1.7595796194594069,1.7595796194594069,
472,2018-11-08 17:28:59,135.0,5.0,41.31573684983078,2.022337988020873,1.4900000095367432,1.0,1.162329987279108,1.162329987279108,
473,2018-11-08 17:29:00,124.1015625,5.0,41.31573138063896,2.0223498484138607,1.3050000071525574,1.0,1.1623300581075628,1.1623300581075628,
474,2018-11-08 17:29:01,113.203125,5.0,41.31572591144714,2.0223617088068484,1.1200000047683716,1.0,1.105895195391672,1.105895195391672,
475,2018-11-08 17:29:02,118.125,5.0,41.31572155285749,2.0223736111093524,1.0699999928474426,1.0,1.1058952551044752,1.1058952551044752,
476,2018-11-08 17:29:03,123.046875,5.0,41.31571719426784,2.022385513411856,1.0199999809265137,1.0,0.8658936453329817,0.8658936453329817,
477,2018-11-08 17:29:04,134.6484375,5.0,41.31570999980095,2.022389480846024,0.9999999801317851,1.0,0.8658936600436276,0.8658936600436276,
185,2018-11-09 18:17:09,333.7,11.0,41.31580212,2.02251999,1.8,1.0,1.8764066893308744,1.8764066893308744,
186,2018-11-09 18:17:10,325.7,11.0,41.31581022,2.02250028,1.56,1.0,1.8401134878790133,1.8401134878790133,
187,2018-11-09 18:17:11,322.3,11.0,41.31582616,2.02249436,1.15,1.0,2.9597585705982183,2.9597585705982183,
188,2018-11-09 18:17:12,311.0,10.0,41.31582372,2.02245907,0.79,1.0,2.248574198051204,2.248574198051204,
189,2018-11-09 18:17:13,32.8,10.0,41.31584366,2.02245459,0.48,1.0,2.231687473562588,2.231687473562588,
190,2018-11-09 18:17:14,348.1,10.0,41.31586289,2.02244694,1.1,1.0,2.4215860517521515,2.4215860517521515,
191,2018-11-09 18:17:15,349.3,12.0,41.31588422,2.02244109,1.34,1.0,1.391313392982102,1.391313392982102,
192,2018-11-09 18:17:16,352.5,13.0,41.31589669,2.02243972,0.84,1.0,1.7300352261242256,1.7300352261242256,
193,2018-11-09 18:17:17,334.4,13.0,41.3159106,2.02243044,0.99,1.0,1.7179563718084103,1.7179563718084103,
194,2018-11-09 18:17:18,347.9,13.0,41.31592597,2.02243253,1.13,1.0,2.4559227116751825,2.4559227116751825,
195,2018-11-09 18:17:19,339.7,13.0,41.31594599,2.02242011,1.21,1.0,2.374482969989977,2.374482969989977,
196,2018-11-09 18:17:20,334.9,12.0,41.31596104,2.02244028,0.92,1.0,2.028094048811119,2.028094048811119,
197,2018-11-09 18:17:21,333.0,12.0,41.31597402,2.02242322,0.97,1.0,1.3511500507391194,1.3511500507391194,
198,2018-11-09 18:17:22,297.9,11.0,41.31597966,2.02240889,0.59,1.0,3.032475423708169,3.032475423708169,
199,2018-11-09 18:17:23,323.3,11.0,41.31600455,2.02242373,0.77,1.0,1.761924211036674,1.761924211036674,
200,2018-11-09 18:17:24,321.4,11.0,41.3160196,2.02243033,1.3,1.0,3.439976590959505,3.439976590959505,
201,2018-11-09 18:17:25,291.2,11.0,41.31602847,2.02239087,1.32,1.0,1.4666266589299186,1.4666266589299186,
202,2018-11-09 18:17:26,280.3,11.0,41.31603082,2.02237359,1.14,1.0,1.9596098568736968,1.9596098568736968,
203,2018-11-09 18:17:27,290.8,11.0,41.31603492,2.02235077,1.1,1.0,0.7105494514641436,0.7105494514641436,
204,2018-11-09 18:17:28,322.2,11.0,41.31604031,2.0223462,0.48,1.0,1.302459869001496,1.302459869001496,
207,2018-11-09 18:17:31,274.1,11.0,41.31604613,2.02229063,1.37,1.0,3.48998535970028,3.48998535970028,
208,2018-11-09 18:17:32,268.1,11.0,41.31604054,2.02224951,1.67,1.0,1.246624329852701,1.246624329852701,
209,2018-11-09 18:17:33,259.8,11.0,41.31603851,2.02223483,1.17,1.0,1.9007270773838052,1.9007270773838052,
210,2018-11-09 18:17:34,244.3,10.0,41.31602804,2.02221684,1.27,1.0,2.173955828065889,2.173955828065889,
211,2018-11-09 18:17:35,261.4,10.0,41.31602794,2.02219081,1.63,1.0,1.7585263307404695,1.7585263307404695,
137,2018-11-13 18:26:56,324.49286,15.083824,41.315732506,2.022450327,1.564464,1.0,1.5063058007838963,1.5063058007838963,
138,2018-11-13 18:26:57,323.00446,14.594305,41.315744477,2.022441885,1.553972,1.0,1.405401158142401,1.405401158142401,
139,2018-11-13 18:26:58,325.32364,14.072959,41.315755706,2.022434161,1.552207,1.0,1.3210847601280944,1.3210847601280944,
140,2018-11-13 18:26:59,321.3296,13.827304,41.315765416,2.022425046,1.550215,1.0,1.0941689450917138,1.0941689450917138,
141,2018-11-13 18:27:00,316.53503,13.350716,41.31577224,2.022415607,1.535235,1.0,1.193700817056773,1.193700817056773,
142,2018-11-13 18:27:01,299.8638,13.181159,41.31577633,2.022402392,1.523146,1.0,1.294003527839099,1.294003527839099,
143,2018-11-13 18:27:02,288.89044,13.049099,41.315778485,2.022387166,1.505995,1.0,1.3616665310314702,1.3616665310314702,
144,2018-11-13 18:27:03,279.56003,12.943905,41.315778538,2.022370862,1.482886,1.0,1.3615285392867285,1.3615285392867285,
145,2018-11-13 18:27:04,269.39685,12.92059,41.31577654,2.022354778,1.485262,1.0,1.3923670275768314,1.3923670275768314,
146,2018-11-13 18:27:05,273.0902,12.967621,41.315775221,2.022338199,1.50549,1.0,1.365162252536655,1.365162252536655,
147,2018-11-13 18:27:06,288.36697,12.999053,41.315776813,2.022321991,1.50498,1.0,1.1216683001212704,1.1216683001212704,
148,2018-11-13 18:27:07,288.09692,12.786309,41.315777043,2.022308564,1.26437,1.0,0.8491688120920956,0.8491688120920956,
149,2018-11-13 18:27:08,299.62164,12.592123,41.315778055,2.022298486,1.060581,1.0,1.0342879838177954,1.0342879838177954,
150,2018-11-13 18:27:09,292.1782,12.399678,41.315778451,2.022286113,1.135556,1.0,1.169827479476326,1.169827479476326,
151,2018-11-13 18:27:10,291.78595,12.140778,41.315779276,2.022272149,1.256076,1.0,1.2455327582181457,1.2455327582181457,
152,2018-11-13 18:27:11,296.53674,12.129688,41.315782056,2.022257702,1.361863,1.0,1.3581917040806084,1.3581917040806084,
153,2018-11-13 18:27:12,292.35883,11.942078,41.31578381,2.022241608,1.412643,1.0,1.3493820321557086,1.3493820321557086,
154,2018-11-13 18:27:13,287.6861,11.392638,41.315783776,2.022225451,1.424519,1.0,1.2761874246608644,1.2761874246608644,
155,2018-11-13 18:27:14,296.04218,10.958167,41.315785715,2.02221039,1.413193,1.0,1.0479293756643424,1.0479293756643424,
156,2018-11-13 18:27:15,295.79166,10.585793,41.315787544,2.022198081,1.190571,1.0,0.7305464924540737,0.7305464924540737,
157,2018-11-13 18:27:16,294.9301,10.497034,41.315789006,2.022189553,0.908831,1.0,0.7691877254777381,0.7691877254777381,
158,2018-11-13 18:27:17,298.97656,10.574566,41.315791644,2.022181039,0.926238,1.0,0.9102340763721714,0.9102340763721714,
159,2018-11-13 18:27:18,294.52533,10.766975,41.315794544,2.022170847,1.079347,1.0,0.9183772089538652,0.9183772089538652,
160,2018-11-13 18:27:19,288.50494,10.962378,41.315796618,2.022160203,1.200142,1.0,0.6524465770491211,0.6524465770491211,
161,2018-11-13 18:27:20,288.46838,9.95616,41.315797763,2.022152541,1.050782,1.0,0.4155259252918139,0.4155259252918139,
162,2018-11-13 18:27:21,290.79523,9.663799,41.315798182,2.022147597,0.890235,1.0,0.8764446690461349,0.8764446690461349,
163,2018-11-13 18:27:22,272.06964,9.099136,41.315796226,2.022137431,1.234866,1.0,1.1436709500444038,1.1436709500444038,
164,2018-11-13 18:27:23,271.84695,8.266235,41.315794179,2.022124011,1.306421,1.0,1.1152096917964454,1.1152096917964454,
165,2018-11-13 18:27:24,246.38608,8.673697,41.315788514,2.022112992,1.115687,1.0,1.359076765581578,1.359076765581578,
166,2018-11-13 18:27:25,238.6502,8.425259,41.315781677,2.022099503,1.217592,1.0,2.588747792660852,2.588747792660852,
218,2018-11-06 18:23:01,273.53632,24.12594,41.315766496,2.02247622,1.608964,1.0,1.775978627754438,1.775978627754438,
219,2018-11-06 18:23:02,279.72418,23.313057,41.315768427,2.022455111,1.611665,1.0,1.721261306840704,1.721261306840704,
220,2018-11-06 18:23:03,292.35773,23.020193,41.315772435,2.022435204,1.622102,1.0,1.669325229745171,1.669325229745171,
221,2018-11-06 18:23:04,293.66824,21.60432,41.315775599,2.022415665,1.628932,1.0,1.6548088542128292,1.6548088542128292,
222,2018-11-06 18:23:05,306.00626,22.171673,41.315781348,2.022397389,1.639231,1.0,1.5343060887862794,1.5343060887862794,
223,2018-11-06 18:23:06,318.77606,21.674856,41.31578721,2.022380758,1.630685,1.0,1.4321279061465786,1.4321279061465786,
224,2018-11-06 18:23:07,318.09027,20.73052,41.31579091,2.022364333,1.608756,1.0,1.674208573719563,1.674208573719563,
225,2018-11-06 18:23:08,300.21045,20.857569,41.315793963,2.022344703,1.602579,1.0,1.7515187462741737,1.7515187462741737,
226,2018-11-06 18:23:09,289.62817,20.897535,41.315796483,2.022324001,1.605618,1.0,1.7808031023130455,1.7808031023130455,
227,2018-11-06 18:23:10,295.51712,21.007437,41.315800844,2.022303484,1.602709,1.0,1.7803274655088444,1.7803274655088444,
228,2018-11-06 18:23:11,298.4422,21.397867,41.315806411,2.022283497,1.601126,1.0,1.6311151203207186,1.6311151203207186,
229,2018-11-06 18:23:12,297.40808,21.892195,41.315813082,2.022266103,1.601397,1.0,1.6103636603242355,1.6103636603242355,
230,2018-11-06 18:23:13,300.57974,24.482279,41.315821776,2.022250682,1.602421,1.0,1.54624108208751,1.54624108208751,
231,2018-11-06 18:23:14,304.28088,24.885635,41.315830568,2.022236338,1.593486,1.0,1.4746469537031912,1.4746469537031912,
232,2018-11-06 18:23:15,297.8835,25.339184,41.315837935,2.022221656,1.579883,1.0,1.5455693193467674,1.5455693193467674,
233,2018-11-06 18:23:16,309.20093,22.891113,41.315847731,2.022208527,1.587448,1.0,1.723304633628948,1.723304633628948,
234,2018-11-06 18:23:17,294.32028,22.708008,41.315856001,2.022191076,1.603766,1.0,1.744127868089138,1.744127868089138,
235,2018-11-06 18:23:18,292.1524,22.375315,41.315863445,2.022172694,1.591494,1.0,1.6859748826388163,1.6859748826388163,
236,2018-11-06 18:23:19,281.12927,21.850523,41.315868365,2.022153599,1.591884,1.0,1.6271196051264634,1.6271196051264634,
237,2018-11-06 18:23:20,263.69598,20.109661,41.315868951,2.022134132,1.598002,1.0,1.8350053432518008,1.8350053432518008,
238,2018-11-06 18:23:21,290.97104,18.100277,41.315875056,2.022113719,1.781694,1.0,1.6803945106078475,1.6803945106078475,
239,2018-11-06 18:23:22,290.80084,17.15097,41.315879601,2.02209453,1.672834,1.0,1.5450688055852595,1.5450688055852595,
240,2018-11-06 18:23:23,293.6347,16.744665,41.315882772,2.022076518,1.409701,1.0,1.4591524510929426,1.4591524510929426,
659,2018-11-11 13:26:33,75.49462389619002,8.001208273680877,41.31577470791825,2.0221015198007146,0.5246648043394089,1.0,0.5587960833626892,0.5587960833626892,
660,2018-11-11 13:26:34,76.31827299310729,8.001208273680877,41.31577679706768,2.0221076050721907,0.540649026632309,1.0,0.5587960685142842,0.5587960685142842,
661,2018-11-11 13:26:35,77.14192209002454,8.001208273680877,41.3157788862171,2.0221136903436663,0.556633248925209,1.0,0.558796054028066,0.558796054028066,
662,2018-11-11 13:26:36,77.96557118694179,8.001208273680877,41.315780975366536,2.022119775615142,0.5726174712181091,1.0,1.7235266956522055,1.7235266956522055,
663,2018-11-11 13:26:37,83.00641813404587,8.001208273680877,41.31578718356782,2.022138684934566,0.6816338300704956,1.0,1.723526558113607,1.723526558113607,
664,2018-11-11 13:26:38,88.04726508114994,8.001208273680877,41.31579339176911,2.0221575942539896,0.7906501889228821,1.0,1.277369954639322,1.277369954639322,
665,2018-11-11 13:26:39,89.88742732657812,8.001208273680877,41.31579465561213,2.022172796225782,0.9025273025035858,1.0,1.2773699301716686,1.2773699301716686,
666,2018-11-11 13:26:40,91.72758957200628,8.001208273680877,41.31579591945515,2.0221879981975746,1.0144044160842896,1.0,1.1283587256341725,1.1283587256341725,
667,2018-11-11 13:26:41,107.53668053812068,8.001208273680877,41.31579655460927,2.022201482310701,0.9880456626415252,1.0,1.1283587146451737,1.1283587146451737,
668,2018-11-11 13:26:42,123.34577150423507,8.001208273680877,41.315797189763394,2.022214966423828,0.961686909198761,1.0,1.1032587024374876,1.1032587024374876,
669,2018-11-11 13:26:43,125.4791537707319,8.001208273680877,41.31579163494355,2.022225912135763,0.9228491485118866,1.0,1.1032587674606165,1.1032587674606165,
670,2018-11-11 13:26:44,127.61253603722872,8.001208273680877,41.3157860801237,2.0222368578476986,0.8840113878250122,1.0,2.0906793486773583,2.0906793486773583,
671,2018-11-11 13:26:45,132.37403849256305,8.001208273680877,41.31577164387079,2.022252896096611,0.9868841767311096,1.0,2.090679538716307,2.090679538716307,
672,2018-11-11 13:26:46,137.13554094789734,8.001208273680877,41.31575720761788,2.022268934345523,1.089756965637207,1.0,2.3441871151258016,2.3441871151258016,
673,2018-11-11 13:26:47,140.23940430299376,8.001208273680877,41.31573959428019,2.0222843587231605,1.0948436260223389,1.0,2.34418730575056,2.34418730575056,
674,2018-11-11 13:26:48,143.34326765809016,8.001208273680877,41.315721980942506,2.022299783100798,1.0999302864074707,1.0,1.1012935655483935,1.1012935655483935,
675,2018-11-11 13:26:49,138.6054022107435,7.334440917540804,41.31571562505752,2.0223098961558823,1.0892732938130696,1.0,1.1012936291886388,1.1012936291886388,
676,2018-11-11 13:26:50,133.86753676339688,6.667673561400731,41.31570926917253,2.0223200092109663,1.0786163012186687,1.0,1.101293691871709,1.101293691871709,
677,2018-11-11 13:26:51,129.12967131605026,6.000906205260658,41.315702913287545,2.022330122266051,1.0679593086242676,1.0,1.4236435173140811,1.4236435173140811,
678,2018-11-11 13:26:52,130.70728108978312,6.000906205260658,41.31569765469349,2.022345664303214,0.9518034160137177,1.0,1.4236436124668654,1.4236436124668654,
