startTime,endTime,latitude,longitude
2023-12-10 18:15:09,2023-12-10 18:15:39,50.0705046860623,19.9250601511449
2023-12-10 18:14:29,2023-12-10 18:14:49,50.0709247451161,19.9251728039235
2023-12-10 18:13:39,2023-12-10 18:14:09,50.0713172559886,19.925258634612
2023-12-10 18:31:54,2023-12-10 18:32:34,50.0690028157344,19.9173423042521
2023-12-10 18:32:54,2023-12-10 18:33:14,50.0693925447358,19.9173943977803
2023-12-10 18:33:24,2023-12-10 18:34:04,50.0697678522771,19.9174373131245
2023-12-10 18:32:04,2023-12-10 18:32:24,50.068848515746,19.9173139315099
2023-12-10 18:31:24,2023-12-10 18:32:14,50.0689552560977,19.9176518898457
2023-12-10 18:15:05,2023-12-10 18:15:15,50.0689449263966,19.9180166702718
2023-12-10 18:30:44,2023-12-10 18:31:34,50.0689449263966,19.9180166702718
2023-12-10 18:32:06,2023-12-10 18:32:36,50.0639100083272,19.9275507917628
2023-12-10 18:10:14,2023-12-10 18:10:24,50.0638859031525,19.9267058959231
2023-12-10 18:10:04,2023-12-10 18:10:54,50.0638841813538,19.9264054885134
2023-12-10 18:11:35,2023-12-10 18:12:05,50.0638841813538,19.9264054885134
2023-12-10 18:10:34,2023-12-10 18:11:45,50.0638721287615,19.9260809412226
2023-12-10 18:10:25,2023-12-10 18:11:54,50.0638669633638,19.9257161607966
2023-12-10 18:09:45,2023-12-10 18:10:35,50.0638583543665,19.9253594269976
2023-12-10 18:11:44,2023-12-10 18:12:34,50.0638583543665,19.9253594269976
2023-12-10 18:07:46,2023-12-10 18:08:36,50.067742,19.914749
2023-12-10 18:11:33,2023-12-10 18:12:23,50.067742,19.914749
2023-12-10 18:23:56,2023-12-10 18:24:46,50.0660731832159,19.9242474418133
2023-12-10 18:24:06,2023-12-10 18:24:46,50.0661007307299,19.9243332725018
2023-12-10 18:17:49,2023-12-10 18:18:09,50.0693408966791,19.9239738564938
2023-12-10 18:18:59,2023-12-10 18:19:39,50.0688608197034,19.9235049713158
2023-12-10 18:28:52,2023-12-10 18:29:22,50.0615351884695,19.9112871732255
2023-12-10 18:32:35,2023-12-10 18:33:05,50.0615351884695,19.9112871732255
2023-12-10 18:33:55,2023-12-10 18:34:15,50.0615351884695,19.9112871732255
2023-12-10 18:01:49,2023-12-10 18:02:39,50.0664961509941,19.909591245894
2023-12-10 18:01:09,2023-12-10 18:01:19,50.0665887025079,19.9089917083769
2023-12-10 18:43:49,2023-12-10 18:44:29,50.0678875414008,19.9108726449654
2023-12-10 18:44:19,2023-12-10 18:44:29,50.0678371664333,19.9112343259652
2023-12-10 18:18:05,2023-12-10 18:18:45,50.0677760630557,19.9116793645043
2023-12-10 18:39:19,2023-12-10 18:39:49,50.0677760630557,19.9116793645043
2023-12-10 18:17:05,2023-12-10 18:18:05,50.0677023237245,19.9122249849406
2023-12-10 18:38:19,2023-12-10 18:39:09,50.0677023237245,19.9122249849406
2023-12-10 18:06:13,2023-12-10 18:06:33,50.0687670257597,19.9114810637488
2023-12-10 18:06:53,2023-12-10 18:07:13,50.0686242839647,19.9118305922541
2023-12-10 18:07:33,2023-12-10 18:07:53,50.0684790100845,19.912188278082
2023-12-10 18:06:53,2023-12-10 18:07:43,50.068684168379,19.9120994024853
2023-12-10 18:07:33,2023-12-10 18:08:13,50.0685398367053,19.9124521774109
2023-12-10 18:08:13,2023-12-10 18:08:53,50.0683924073543,19.9128103285222
2023-12-10 18:08:03,2023-12-10 18:08:33,50.0683354335248,19.9125353067958
2023-12-10 18:16:05,2023-12-10 18:17:05,50.0676232389789,19.9128049484495
2023-12-10 18:37:29,2023-12-10 18:38:09,50.0676232389789,19.9128049484495
2023-12-10 18:00:13,2023-12-10 18:00:53,50.070000124681,19.9094725347885
2023-12-10 17:59:43,2023-12-10 18:00:23,50.0699541368693,19.9097934821433
2023-12-10 17:59:43,2023-12-10 17:59:53,50.0699181119867,19.9101126664026
2023-12-10 18:01:03,2023-12-10 18:01:23,50.0699756555548,19.908897121853
2023-12-10 18:00:53,2023-12-10 18:01:13,50.0700463529193,19.9090815934059
2023-12-10 18:01:03,2023-12-10 18:01:33,50.0698372230729,19.9090346504878
2023-12-10 18:01:33,2023-12-10 18:02:13,50.0696341127294,19.9089585147613
2023-12-10 18:04:33,2023-12-10 18:05:03,50.0691493338552,19.9106181814439
2023-12-10 18:05:03,2023-12-10 18:05:43,50.0690766767376,19.911010271301
2023-12-10 18:05:43,2023-12-10 18:06:23,50.0689697702588,19.9113841370077
2023-12-10 18:06:23,2023-12-10 18:07:03,50.0688272731797,19.9117501455158
2023-12-10 18:05:33,2023-12-10 18:05:53,50.0688967656819,19.9111066827978
2023-12-10 18:00:19,2023-12-10 18:00:49,50.0661977387066,19.9087121276252
2023-12-10 18:00:59,2023-12-10 18:01:59,50.0664600033241,19.9091699341342
2023-12-10 18:02:49,2023-12-10 18:03:29,50.0664157831916,19.9101097665001
2023-12-10 18:03:49,2023-12-10 18:04:29,50.0663233710431,19.9106960263693
2023-12-10 18:04:29,2023-12-10 18:05:19,50.0662584804645,19.9111301021579
2023-12-10 18:06:59,2023-12-10 18:07:39,50.0660425633431,19.9125361696636
2023-12-10 18:06:09,2023-12-10 18:06:49,50.0661095464453,19.9120753705812
2023-12-10 18:05:19,2023-12-10 18:06:09,50.0661802840863,19.9116220282345
2023-12-10 18:31:05,2023-12-10 18:31:35,50.0622835709785,19.9125664076945
2023-12-10 18:25:32,2023-12-10 18:25:42,50.0621104030928,19.9124997876731
2023-12-10 18:29:15,2023-12-10 18:29:25,50.0621104030928,19.9124997876731
2023-12-10 18:31:35,2023-12-10 18:31:55,50.0621104030928,19.9124997876731
2023-12-10 18:25:42,2023-12-10 18:26:02,50.0619394485041,19.9124294865801
2023-12-10 18:29:35,2023-12-10 18:29:45,50.0619394485041,19.9124294865801
2023-12-10 18:31:45,2023-12-10 18:32:15,50.0619394485041,19.9124294865801
2023-12-10 18:26:12,2023-12-10 18:26:22,50.0617672562878,19.9123614487214
2023-12-10 18:26:42,2023-12-10 18:26:52,50.0617672562878,19.9123614487214
2023-12-10 18:29:55,2023-12-10 18:30:05,50.0617672562878,19.9123614487214
2023-12-10 18:32:05,2023-12-10 18:32:55,50.0617672562878,19.9123614487214
2023-12-10 18:26:12,2023-12-10 18:27:12,50.061546850505,19.912416016088
2023-12-10 18:30:05,2023-12-10 18:30:55,50.061546850505,19.912416016088
2023-12-10 18:27:02,2023-12-10 18:27:42,50.0613318834904,19.9123313474823
2023-12-10 18:30:45,2023-12-10 18:31:15,50.0613318834904,19.9123313474823
2023-12-10 18:27:12,2023-12-10 18:27:42,50.061235498868,19.9123412088926
2023-12-10 18:30:55,2023-12-10 18:31:15,50.061235498868,19.9123412088926
2023-12-10 18:01:43,2023-12-10 18:01:53,50.0694784927397,19.9089032341539
2023-12-10 18:10:05,2023-12-10 18:10:25,50.0714049554981,19.9192231949781
2023-12-10 18:08:55,2023-12-10 18:09:35,50.0717168982477,19.9198160605515
2023-12-10 18:08:55,2023-12-10 18:09:35,50.0717608030392,19.9197610097682
2023-12-10 18:08:15,2023-12-10 18:08:55,50.0716374449129,19.9201961559342
2023-12-10 18:07:55,2023-12-10 18:08:35,50.0715290540122,19.920316916623
2023-12-10 18:08:25,2023-12-10 18:09:05,50.0716219889806,19.9200618312677
2023-12-10 18:04:56,2023-12-10 18:05:16,50.0682489658884,19.9131623805685
2023-12-10 18:08:53,2023-12-10 18:09:33,50.0682489658884,19.9131623805685
2023-12-10 18:05:36,2023-12-10 18:06:36,50.0680988181819,19.9135281320277
2023-12-10 18:09:33,2023-12-10 18:10:13,50.0680988181819,19.9135281320277
2023-12-10 18:05:56,2023-12-10 18:06:26,50.0682039957632,19.9136507792722
2023-12-10 18:09:43,2023-12-10 18:10:13,50.0682039957632,19.9136507792722
2023-12-10 18:06:16,2023-12-10 18:06:56,50.0680740817615,19.9139209425158
2023-12-10 18:10:13,2023-12-10 18:10:43,50.0680740817615,19.9139209425158
2023-12-10 18:06:16,2023-12-10 18:07:06,50.0679678882883,19.9138434379655
2023-12-10 18:10:03,2023-12-10 18:10:43,50.0679678882883,19.9138434379655
2023-12-10 18:06:56,2023-12-10 18:07:46,50.0678218641401,19.9141984755856
2023-12-10 18:10:43,2023-12-10 18:11:23,50.0678218641401,19.9141984755856
2023-12-10 18:05:36,2023-12-10 18:06:36,50.0679214195476,19.9135473662632
2023-12-10 18:09:53,2023-12-10 18:10:13,50.0679214195476,19.9135473662632
2023-12-10 18:05:06,2023-12-10 18:06:06,50.0680463897946,19.9132390393467
2023-12-10 18:09:23,2023-12-10 18:09:43,50.0680463897946,19.9132390393467
2023-12-10 18:04:46,2023-12-10 18:05:16,50.0681903721824,19.9128871164861
2023-12-10 18:08:43,2023-12-10 18:09:03,50.0681903721824,19.9128871164861
2023-12-10 18:15:15,2023-12-10 18:16:15,50.067553510486,19.9133377630346
2023-12-10 18:36:29,2023-12-10 18:37:19,50.067553510486,19.9133377630346
2023-12-10 18:10:29,2023-12-10 18:11:29,50.0674695219808,19.913932361282
2023-12-10 18:14:15,2023-12-10 18:15:15,50.0674695219808,19.913932361282
2023-12-10 18:35:29,2023-12-10 18:36:19,50.0674695219808,19.913932361282
2023-12-10 18:35:14,2023-12-10 18:35:24,50.0701104494247,19.9165006866128
2023-12-10 18:13:15,2023-12-10 18:13:45,50.0697923679065,19.9183743282418
2023-12-10 18:13:45,2023-12-10 18:14:15,50.0695282065868,19.9183361265934
2023-12-10 18:14:05,2023-12-10 18:14:35,50.069290734673,19.9183059860067
2023-12-10 18:12:55,2023-12-10 18:13:25,50.0700066314259,19.9184033151197
2023-12-10 18:12:25,2023-12-10 18:12:55,50.0703070579684,19.9184351138802
2023-12-10 18:12:15,2023-12-10 18:12:35,50.0704817607159,19.9184063180889
2023-12-10 18:10:35,2023-12-10 18:10:55,50.0711453056527,19.9190514729767
2023-12-10 18:11:05,2023-12-10 18:11:35,50.070866604587,19.9188712404318
2023-12-10 18:11:45,2023-12-10 18:12:15,50.0706013677604,19.9186982508615
2023-12-10 18:11:55,2023-12-10 18:12:35,50.0703901639245,19.9187274473768
2023-12-10 18:01:05,2023-12-10 18:01:35,50.069169039821,19.920716207827
2023-12-10 18:00:45,2023-12-10 18:01:05,50.0694395272638,19.9206999390885
2023-12-10 18:00:15,2023-12-10 18:00:45,50.0696983258178,19.9206836531175
2023-12-10 17:59:45,2023-12-10 18:00:05,50.0700377867895,19.9209295825611
2023-12-10 17:59:55,2023-12-10 18:00:25,50.0697868766043,19.9209916502081
2023-12-10 18:07:36,2023-12-10 18:07:56,50.0676041468606,19.9143098347171
2023-12-10 18:11:23,2023-12-10 18:11:33,50.0676041468606,19.9143098347171
2023-12-10 18:11:29,2023-12-10 18:12:29,50.0674689644649,19.9144879169585
2023-12-10 18:13:15,2023-12-10 18:14:15,50.0674689644649,19.9144879169585
2023-12-10 18:34:29,2023-12-10 18:35:19,50.0674689644649,19.9144879169585
2023-12-10 18:08:06,2023-12-10 18:08:26,50.0675270799405,19.9146932053798
2023-12-10 18:11:53,2023-12-10 18:12:49,50.0675270799405,19.9146932053798
2023-12-10 18:12:55,2023-12-10 18:13:45,50.0675270799405,19.9146932053798
2023-12-10 18:34:09,2023-12-10 18:34:49,50.0675270799405,19.9146932053798
2023-12-10 18:08:56,2023-12-10 18:09:46,50.0675842577895,19.9153754147562
2023-12-10 18:11:45,2023-12-10 18:12:35,50.0675842577895,19.9153754147562
2023-12-10 18:12:43,2023-12-10 18:13:59,50.0675842577895,19.9153754147562
2023-12-10 18:33:09,2023-12-10 18:33:39,50.0675842577895,19.9153754147562
2023-12-10 18:08:06,2023-12-10 18:08:56,50.0676305331113,19.9149008238237
2023-12-10 18:11:53,2023-12-10 18:12:43,50.0676305331113,19.9149008238237
2023-12-10 18:09:36,2023-12-10 18:10:26,50.0675915064275,19.9158240730778
2023-12-10 18:11:05,2023-12-10 18:11:45,50.0675915064275,19.9158240730778
2023-12-10 18:13:23,2023-12-10 18:14:39,50.0675915064275,19.9158240730778
2023-12-10 18:32:19,2023-12-10 18:32:59,50.0675915064275,19.9158240730778
2023-12-10 18:10:16,2023-12-10 18:11:06,50.0676099963205,19.9162346223717
2023-12-10 18:14:03,2023-12-10 18:15:29,50.0676099963205,19.9162346223717
2023-12-10 18:31:39,2023-12-10 18:32:09,50.0676099963205,19.9162346223717
2023-12-10 18:09:45,2023-12-10 18:10:25,50.0676256576298,19.9166409053223
2023-12-10 18:10:56,2023-12-10 18:11:56,50.0676256576298,19.9166409053223
2023-12-10 18:14:53,2023-12-10 18:16:09,50.0676256576298,19.9166409053223
2023-12-10 18:30:59,2023-12-10 18:31:29,50.0676256576298,19.9166409053223
2023-12-10 18:06:55,2023-12-10 18:07:45,50.0675979456615,19.918316404706
2023-12-10 18:13:46,2023-12-10 18:14:36,50.0675979456615,19.918316404706
2023-12-10 18:17:43,2023-12-10 18:18:39,50.0675979456615,19.918316404706
2023-12-10 18:27:54,2023-12-10 18:28:54,50.0675979456615,19.918316404706
2023-12-10 18:06:25,2023-12-10 18:07:25,50.0677229341586,19.9184331676683
2023-12-10 18:13:56,2023-12-10 18:14:36,50.0677229341586,19.9184331676683
2023-12-10 18:17:53,2023-12-10 18:18:33,50.0677229341586,19.9184331676683
2023-12-10 18:27:39,2023-12-10 18:28:39,50.0677229341586,19.9184331676683
2023-12-10 18:06:55,2023-12-10 18:07:35,50.067724998017,19.918123987958
2023-12-10 18:13:26,2023-12-10 18:14:16,50.067724998017,19.918123987958
2023-12-10 18:16:55,2023-12-10 18:18:03,50.067724998017,19.918123987958
2023-12-10 18:28:09,2023-12-10 18:29:04,50.067724998017,19.918123987958
2023-12-10 18:09:05,2023-12-10 18:09:45,50.0676420315144,19.9170851680146
2023-12-10 18:11:46,2023-12-10 18:12:36,50.0676420315144,19.9170851680146
2023-12-10 18:15:33,2023-12-10 18:16:49,50.0676420315144,19.9170851680146
2023-12-10 18:30:19,2023-12-10 18:30:49,50.0676420315144,19.9170851680146
2023-12-10 18:07:15,2023-12-10 18:08:25,50.0676454325236,19.9179126118442
2023-12-10 18:13:06,2023-12-10 18:13:56,50.0676454325236,19.9179126118442
2023-12-10 18:16:53,2023-12-10 18:18:09,50.0676454325236,19.9179126118442
2023-12-10 18:28:39,2023-12-10 18:29:29,50.0676454325236,19.9179126118442
2023-12-10 18:08:15,2023-12-10 18:08:55,50.0676610080809,19.9175098158808
2023-12-10 18:12:26,2023-12-10 18:13:16,50.0676610080809,19.9175098158808
2023-12-10 18:16:13,2023-12-10 18:17:29,50.0676610080809,19.9175098158808
2023-12-10 18:29:29,2023-12-10 18:29:59,50.0676610080809,19.9175098158808
2023-12-10 18:07:52,2023-12-10 18:08:02,50.0671933851181,19.919827850468
2023-12-10 18:16:26,2023-12-10 18:17:16,50.0671933851181,19.919827850468
2023-12-10 18:20:13,2023-12-10 18:21:19,50.0671933851181,19.919827850468
2023-12-10 18:25:24,2023-12-10 18:26:04,50.0671933851181,19.919827850468
2023-12-10 18:15:46,2023-12-10 18:16:36,50.0672956016251,19.9194495132565
2023-12-10 18:19:33,2023-12-10 18:20:39,50.0672956016251,19.9194495132565
2023-12-10 18:26:04,2023-12-10 18:26:44,50.0672956016251,19.9194495132565
2023-12-10 18:14:26,2023-12-10 18:15:16,50.0674977770371,19.9186921862905
2023-12-10 18:18:23,2023-12-10 18:19:19,50.0674977770371,19.9186921862905
2023-12-10 18:27:24,2023-12-10 18:28:04,50.0674977770371,19.9186921862905
2023-12-10 18:14:56,2023-12-10 18:15:56,50.0674129943412,19.919011325882
2023-12-10 18:18:53,2023-12-10 18:19:59,50.0674129943412,19.919011325882
2023-12-10 18:26:44,2023-12-10 18:27:24,50.0674129943412,19.919011325882
2023-12-10 18:05:55,2023-12-10 18:06:45,50.0678052753633,19.9187206135684
2023-12-10 18:27:09,2023-12-10 18:27:59,50.0678052753633,19.9187206135684
2023-12-10 18:04:45,2023-12-10 18:05:35,50.0680057788907,19.9194540901472
2023-12-10 18:25:59,2023-12-10 18:26:39,50.0680057788907,19.9194540901472
2023-12-10 18:05:15,2023-12-10 18:06:05,50.0679056701148,19.9191026439629
2023-12-10 18:26:29,2023-12-10 18:27:19,50.0679056701148,19.9191026439629
2023-12-10 18:16:25,2023-12-10 18:17:05,50.0679960357783,19.9181571433021
2023-12-10 18:29:04,2023-12-10 18:29:24,50.0679960357783,19.9181571433021
2023-12-10 18:15:55,2023-12-10 18:16:35,50.0682605711865,19.9181872323767
2023-12-10 18:29:34,2023-12-10 18:29:54,50.0682605711865,19.9181872323767
2023-12-10 18:15:35,2023-12-10 18:16:05,50.068534079093,19.9182153039164
2023-12-10 18:29:54,2023-12-10 18:30:24,50.068534079093,19.9182153039164
2023-12-10 18:14:55,2023-12-10 18:15:35,50.0688111005888,19.9182537736734
2023-12-10 18:30:24,2023-12-10 18:31:04,50.0688111005888,19.9182537736734
2023-12-10 18:14:35,2023-12-10 18:15:15,50.0690362153536,19.9182797215221
2023-12-10 18:30:44,2023-12-10 18:31:04,50.0690362153536,19.9182797215221
2023-12-10 18:01:35,2023-12-10 18:01:55,50.0689532081819,19.9207312496584
2023-12-10 18:02:15,2023-12-10 18:03:05,50.0684815418422,19.9207622306639
2023-12-10 18:23:49,2023-12-10 18:24:09,50.0684815418422,19.9207622306639
2023-12-10 18:04:05,2023-12-10 18:04:55,50.0681060687841,19.9198154517622
2023-12-10 18:25:19,2023-12-10 18:25:59,50.0681060687841,19.9198154517622
2023-12-10 18:03:25,2023-12-10 18:04:15,50.0682150594474,19.9202133582575
2023-12-10 18:24:39,2023-12-10 18:25:19,50.0682150594474,19.9202133582575
2023-12-10 18:02:45,2023-12-10 18:03:35,50.0683204659655,19.9206127439083
2023-12-10 18:23:59,2023-12-10 18:24:39,50.0683204659655,19.9206127439083
2023-12-10 18:02:45,2023-12-10 18:03:15,50.0682635762391,19.9207315011908
2023-12-10 18:23:49,2023-12-10 18:24:29,50.0682635762391,19.9207315011908
2023-12-10 18:02:35,2023-12-10 18:02:55,50.0683411408453,19.9209796683888
2023-12-10 18:23:19,2023-12-10 18:24:09,50.0683411408453,19.9209796683888
2023-12-10 18:08:02,2023-12-10 18:08:42,50.0670894526263,19.9202151646103
2023-12-10 18:17:06,2023-12-10 18:17:56,50.0670894526263,19.9202151646103
2023-12-10 18:20:53,2023-12-10 18:21:59,50.0670894526263,19.9202151646103
2023-12-10 18:24:34,2023-12-10 18:25:24,50.0670894526263,19.9202151646103
2023-12-10 18:17:46,2023-12-10 18:18:36,50.0669809063741,19.920618924062
2023-12-10 18:21:43,2023-12-10 18:23:09,50.0669809063741,19.920618924062
2023-12-10 18:23:54,2023-12-10 18:24:44,50.0669809063741,19.920618924062
2023-12-10 18:17:16,2023-12-10 18:17:56,50.0672253712955,19.9203762464336
2023-12-10 18:21:13,2023-12-10 18:21:43,50.0672253712955,19.9203762464336
2023-12-10 18:24:44,2023-12-10 18:25:14,50.0672253712955,19.9203762464336
2023-12-10 18:22:49,2023-12-10 18:23:29,50.0684049019518,19.9213292827922
2023-12-10 18:22:09,2023-12-10 18:22:59,50.0684969348254,19.9216348199641
2023-12-10 18:21:39,2023-12-10 18:22:19,50.0685998749937,19.9219821611245
2023-12-10 18:20:59,2023-12-10 18:21:39,50.0687221229099,19.922394866257
2023-12-10 18:01:45,2023-12-10 18:02:15,50.0687601224234,19.9207460602245
2023-12-10 18:07:39,2023-12-10 18:07:49,50.065970720189,19.912996658244
2023-12-10 18:21:55,2023-12-10 18:22:25,50.0651707785625,19.9167974749915
2023-12-10 18:22:15,2023-12-10 18:22:35,50.0650736791018,19.9164321585923
2023-12-10 17:57:55,2023-12-10 17:58:45,50.0645823120093,19.9185444439754
2023-12-10 18:13:52,2023-12-10 18:14:42,50.0645823120093,19.9185444439754
2023-12-10 18:17:35,2023-12-10 18:18:15,50.0645823120093,19.9185444439754
2023-12-10 17:59:25,2023-12-10 17:59:35,50.0645985214989,19.9193290844942
2023-12-10 18:12:52,2023-12-10 18:13:12,50.0645985214989,19.9193290844942
2023-12-10 18:16:35,2023-12-10 18:16:45,50.0645985214989,19.9193290844942
2023-12-10 17:58:35,2023-12-10 17:58:55,50.0646818208451,19.9188698976776
2023-12-10 18:13:02,2023-12-10 18:13:42,50.0646818208451,19.9188698976776
2023-12-10 18:16:45,2023-12-10 18:17:25,50.0646818208451,19.9188698976776
2023-12-10 18:19:06,2023-12-10 18:19:56,50.0667766529426,19.921386199044
2023-12-10 18:22:34,2023-12-10 18:24:19,50.0667766529426,19.921386199044
2023-12-10 18:19:46,2023-12-10 18:20:36,50.0666780810841,19.921751036364
2023-12-10 18:21:54,2023-12-10 18:22:34,50.0666780810841,19.921751036364
2023-12-10 18:23:53,2023-12-10 18:24:49,50.0666780810841,19.921751036364
2023-12-10 18:08:45,2023-12-10 18:09:15,50.0662699373753,19.9226485866534
2023-12-10 18:20:04,2023-12-10 18:20:54,50.0662699373753,19.9226485866534
2023-12-10 18:25:33,2023-12-10 18:26:13,50.0662699373753,19.9226485866534
2023-12-10 18:09:35,2023-12-10 18:09:45,50.066609012173,19.9221656377121
2023-12-10 18:20:26,2023-12-10 18:21:16,50.066609012173,19.9221656377121
2023-12-10 18:21:24,2023-12-10 18:21:54,50.066609012173,19.9221656377121
2023-12-10 18:24:43,2023-12-10 18:25:39,50.066609012173,19.9221656377121
2023-12-10 18:08:15,2023-12-10 18:09:25,50.066488724371,19.9225741216738
2023-12-10 18:20:44,2023-12-10 18:21:04,50.066488724371,19.9225741216738
2023-12-10 18:21:06,2023-12-10 18:21:56,50.066488724371,19.9225741216738
2023-12-10 18:25:23,2023-12-10 18:26:19,50.066488724371,19.9225741216738
2023-12-10 18:18:26,2023-12-10 18:19:16,50.0668822610244,19.9209949411536
2023-12-10 18:22:33,2023-12-10 18:23:49,50.0668822610244,19.9209949411536
2023-12-10 17:59:15,2023-12-10 18:00:05,50.0644115564491,19.9194122047722
2023-12-10 17:59:55,2023-12-10 18:00:45,50.0643567939723,19.9197786981049
2023-12-10 17:58:35,2023-12-10 17:59:25,50.0644827994301,19.9189810872637
2023-12-10 18:13:32,2023-12-10 18:14:02,50.0644827994301,19.9189810872637
2023-12-10 18:17:15,2023-12-10 18:17:35,50.0644827994301,19.9189810872637
2023-12-10 18:02:55,2023-12-10 18:03:15,50.0642715650108,19.921481351696
2023-12-10 18:02:35,2023-12-10 18:03:25,50.064126239728,19.9213334776595
2023-12-10 18:01:55,2023-12-10 18:02:35,50.0641836127382,19.9209280984545
2023-12-10 18:03:45,2023-12-10 18:04:05,50.064204861515,19.9219278662009
2023-12-10 18:03:15,2023-12-10 18:04:05,50.0640673617372,19.9217415435285
2023-12-10 18:04:25,2023-12-10 18:04:55,50.0641381027011,19.9223782917134
2023-12-10 18:05:05,2023-12-10 18:05:25,50.064087440049,19.9227418941043
2023-12-10 18:04:45,2023-12-10 18:05:25,50.063941778409,19.9225769835637
2023-12-10 18:03:55,2023-12-10 18:04:45,50.0640044885077,19.9221649229187
2023-12-10 18:00:35,2023-12-10 18:01:15,50.0642983688484,19.9201672025459
2023-12-10 18:01:15,2023-12-10 18:01:55,50.0642422890459,19.9205469932629
2023-12-10 18:07:56,2023-12-10 18:08:36,50.0677856237883,19.9148132309725
2023-12-10 18:11:43,2023-12-10 18:12:23,50.0677856237883,19.9148132309725
2023-12-10 18:34:44,2023-12-10 18:35:24,50.0700476147672,19.9167719960186
2023-12-10 18:35:14,2023-12-10 18:35:24,50.0701710662605,19.9166179233249
2023-12-10 18:06:56,2023-12-10 18:07:16,50.0677623951346,19.9139351060983
2023-12-10 18:10:43,2023-12-10 18:10:53,50.0677623951346,19.9139351060983
2023-12-10 18:09:25,2023-12-10 18:09:55,50.0716974826698,19.91941094407
2023-12-10 18:34:24,2023-12-10 18:34:54,50.0700581345864,19.91707070951
2023-12-10 18:13:09,2023-12-10 18:13:39,50.071517896793,19.9255777358638
2023-12-10 18:12:29,2023-12-10 18:12:59,50.0714917048468,19.9259536965863
2023-12-10 18:11:29,2023-12-10 18:12:19,50.0714660421148,19.9263772829438
2023-12-10 18:11:49,2023-12-10 18:12:29,50.07130557536,19.926360888832
2023-12-10 18:11:19,2023-12-10 18:11:49,50.0715623857668,19.9264892672487
2023-12-10 18:30:06,2023-12-10 18:30:26,50.06505986745,19.9274913669105
2023-12-10 18:29:46,2023-12-10 18:30:06,50.0652927302371,19.9273343390035
2023-12-10 18:26:56,2023-12-10 18:27:36,50.065638491363,19.9257739045986
2023-12-10 18:29:06,2023-12-10 18:29:46,50.0653701370841,19.9270026817978
2023-12-10 18:31:26,2023-12-10 18:31:46,50.0643088314647,19.9277064601338
2023-12-10 18:31:46,2023-12-10 18:32:06,50.0640597334988,19.9277801771566
2023-12-10 18:09:44,2023-12-10 18:10:34,50.0637118627878,19.9265840479976
2023-12-10 18:11:55,2023-12-10 18:12:25,50.0637118627878,19.9265840479976
2023-12-10 18:32:16,2023-12-10 18:32:26,50.0637750125619,19.9278812263442
2023-12-10 18:09:34,2023-12-10 18:10:04,50.0635317561602,19.9266120921555
2023-12-10 18:12:15,2023-12-10 18:12:45,50.0635317561602,19.9266120921555
2023-12-10 18:08:44,2023-12-10 18:09:24,50.0631373381792,19.9266738317923
2023-12-10 18:12:55,2023-12-10 18:13:35,50.0631373381792,19.9266738317923
2023-12-10 18:09:14,2023-12-10 18:09:44,50.0633423172583,19.9266421601584
2023-12-10 18:12:35,2023-12-10 18:13:15,50.0633423172583,19.9266421601584
2023-12-10 18:13:35,2023-12-10 18:13:55,50.0630352158845,19.9271329909361
2023-12-10 18:14:15,2023-12-10 18:14:25,50.0631344611404,19.9274714476027
2023-12-10 18:08:44,2023-12-10 18:08:54,50.0629371227858,19.9267928338398
2023-12-10 18:07:54,2023-12-10 18:08:04,50.0627384459312,19.9260865998134
2023-12-10 18:08:04,2023-12-10 18:08:44,50.0628347767735,19.9264304249798
2023-12-10 18:30:26,2023-12-10 18:30:56,50.0648268208193,19.9275603982203
2023-12-10 18:16:09,2023-12-10 18:16:39,50.0701136191446,19.9245179437021
2023-12-10 18:16:39,2023-12-10 18:16:59,50.0699177183587,19.9244133623562
2023-12-10 18:16:59,2023-12-10 18:17:29,50.0697237117342,19.9243094379533
2023-12-10 18:17:19,2023-12-10 18:17:49,50.0695373053464,19.924210652748
2023-12-10 18:17:39,2023-12-10 18:18:09,50.0693638524785,19.9241610302936
2023-12-10 18:20:19,2023-12-10 18:20:59,50.0688254463228,19.9227449959204
2023-12-10 18:19:39,2023-12-10 18:20:19,50.0689438607528,19.9231421451094
2023-12-10 18:17:59,2023-12-10 18:18:29,50.0691796191259,19.9240832915321
2023-12-10 18:04:25,2023-12-10 18:04:55,50.0680007262555,19.9241564641759
2023-12-10 18:04:55,2023-12-10 18:05:25,50.0677334551465,19.9240347671902
2023-12-10 18:19:44,2023-12-10 18:20:34,50.066196373586,19.9228698197943
2023-12-10 18:25:53,2023-12-10 18:26:33,50.066196373586,19.9228698197943
2023-12-10 18:07:55,2023-12-10 18:08:45,50.0664326493174,19.922858381608
2023-12-10 18:21:36,2023-12-10 18:22:26,50.0664326493174,19.922858381608
2023-12-10 18:25:59,2023-12-10 18:26:39,50.0664326493174,19.922858381608
2023-12-10 18:07:45,2023-12-10 18:08:45,50.0664942382733,19.9228678976601
2023-12-10 18:21:36,2023-12-10 18:22:26,50.0664942382733,19.9228678976601
2023-12-10 18:25:59,2023-12-10 18:26:49,50.0664942382733,19.9228678976601
2023-12-10 18:21:56,2023-12-10 18:22:46,50.0663608975961,19.9231005274537
2023-12-10 18:19:34,2023-12-10 18:19:54,50.066205319464,19.9232428583919
2023-12-10 18:22:26,2023-12-10 18:23:16,50.066205319464,19.9232428583919
2023-12-10 18:26:33,2023-12-10 18:26:53,50.066205319464,19.9232428583919
2023-12-10 18:23:06,2023-12-10 18:23:36,50.0661010977767,19.9236099092418
2023-12-10 18:23:36,2023-12-10 18:24:16,50.0660124812704,19.9239340055072
2023-12-10 18:24:16,2023-12-10 18:24:36,50.0659017555435,19.9242495156353
2023-12-10 18:23:46,2023-12-10 18:24:36,50.0660724129291,19.9241430299057
2023-12-10 18:19:14,2023-12-10 18:19:44,50.0660690181996,19.9233502546994
2023-12-10 18:26:43,2023-12-10 18:27:13,50.0660690181996,19.9233502546994
2023-12-10 18:07:05,2023-12-10 18:07:45,50.0667130414485,19.9233281537014
2023-12-10 18:26:59,2023-12-10 18:27:29,50.0667130414485,19.9233281537014
2023-12-10 18:25:26,2023-12-10 18:26:16,50.0658023059758,19.9250253104758
2023-12-10 18:24:26,2023-12-10 18:24:56,50.0661361206161,19.9245267163343
2023-12-10 18:26:16,2023-12-10 18:26:56,50.06572735199,19.9253687922111
2023-12-10 18:05:35,2023-12-10 18:06:05,50.0640320550894,19.9231005730165
2023-12-10 18:06:25,2023-12-10 18:07:15,50.0640108421631,19.9234792983566
2023-12-10 18:15:14,2023-12-10 18:15:44,50.0640108421631,19.9234792983566
2023-12-10 18:05:25,2023-12-10 18:06:05,50.0638809084592,19.9229743356757
2023-12-10 18:06:05,2023-12-10 18:06:35,50.0637976557231,19.9234015202428
2023-12-10 18:09:05,2023-12-10 18:09:55,50.0638702265917,19.924974211573
2023-12-10 18:12:34,2023-12-10 18:13:14,50.0638702265917,19.924974211573
2023-12-10 18:10:49,2023-12-10 18:11:19,50.0718133167176,19.926613866625
2023-12-10 18:08:25,2023-12-10 18:09:25,50.0638615975336,19.924625068723
2023-12-10 18:13:04,2023-12-10 18:13:44,50.0638615975336,19.924625068723
2023-12-10 18:11:19,2023-12-10 18:11:39,50.0716374158187,19.9263966467444
2023-12-10 18:11:09,2023-12-10 18:11:19,50.071791681885,19.926403679823
2023-12-10 18:15:59,2023-12-10 18:16:29,50.0700943303116,19.9248136935787
2023-12-10 18:17:39,2023-12-10 18:18:09,50.0693451564032,19.9242586758521
2023-12-10 18:18:39,2023-12-10 18:18:59,50.0689210067112,19.9239354153971
2023-12-10 18:18:49,2023-12-10 18:19:29,50.0688101975405,19.9236696848333
2023-12-10 18:18:59,2023-12-10 18:19:39,50.0688608197034,19.9235049713158
2023-12-10 18:05:25,2023-12-10 18:05:55,50.0674724572849,19.923930252582
2023-12-10 18:05:55,2023-12-10 18:06:45,50.0672171443092,19.9236727930041
2023-12-10 18:28:09,2023-12-10 18:28:29,50.0672171443092,19.9236727930041
2023-12-10 18:06:35,2023-12-10 18:07:15,50.0669876175514,19.9234133619915
2023-12-10 18:27:29,2023-12-10 18:27:59,50.0669876175514,19.9234133619915
2023-12-10 18:22:16,2023-12-10 18:22:46,50.0664171561679,19.9232720590704
2023-12-10 18:07:25,2023-12-10 18:07:45,50.066799549565,19.9229514367959
2023-12-10 18:26:59,2023-12-10 18:27:09,50.066799549565,19.9229514367959
2023-12-10 18:23:06,2023-12-10 18:23:26,50.0663383262345,19.9237109003256
2023-12-10 18:23:16,2023-12-10 18:23:56,50.0661581471111,19.9238377159245
2023-12-10 18:28:26,2023-12-10 18:28:56,50.0654606338325,19.9265892961603
2023-12-10 18:27:46,2023-12-10 18:28:16,50.0655492237668,19.926183773796
2023-12-10 18:24:06,2023-12-10 18:24:26,50.0662194274871,19.9242407335024
2023-12-10 18:22:36,2023-12-10 18:23:16,50.0662738431243,19.9234280835968
2023-12-10 18:07:15,2023-12-10 18:08:15,50.0639711694854,19.9240394600471
2023-12-10 18:14:14,2023-12-10 18:14:54,50.0639711694854,19.9240394600471
2023-12-10 18:06:45,2023-12-10 18:07:45,50.0639394586278,19.9237515933655
2023-12-10 18:14:44,2023-12-10 18:15:34,50.0639394586278,19.9237515933655
2023-12-10 18:07:05,2023-12-10 18:07:25,50.0641181412099,19.9238027681852
2023-12-10 18:14:54,2023-12-10 18:15:24,50.0641181412099,19.9238027681852
2023-12-10 18:15:34,2023-12-10 18:15:54,50.0641181412099,19.9238027681852
2023-12-10 18:15:54,2023-12-10 18:16:14,50.0642968309804,19.9238644191901
2023-12-10 18:16:14,2023-12-10 18:16:34,50.0645163121498,19.923922923086
2023-12-10 18:16:34,2023-12-10 18:17:14,50.064707774086,19.923994765338
2023-12-10 18:29:23,2023-12-10 18:29:33,50.064707774086,19.923994765338
2023-12-10 18:17:04,2023-12-10 18:17:34,50.0649123069392,19.9240702268148
2023-12-10 18:29:03,2023-12-10 18:29:23,50.0649123069392,19.9240702268148
2023-12-10 18:17:24,2023-12-10 18:17:44,50.0651236180798,19.9241494483873
2023-12-10 18:28:53,2023-12-10 18:29:03,50.0651236180798,19.9241494483873
2023-12-10 18:24:56,2023-12-10 18:25:46,50.0659419832679,19.9247774611814
2023-12-10 18:24:36,2023-12-10 18:25:26,50.065929392402,19.9246024387281
2023-12-10 18:24:26,2023-12-10 18:25:06,50.0659702123865,19.9244568127535
2023-12-10 18:11:09,2023-12-10 18:11:39,50.0716016875868,19.9266556117471
2023-12-10 18:10:39,2023-12-10 18:11:19,50.0717448291532,19.9267236640534
